5.182.210.132,5.182.210.132,2ad2ad16d2ad2ad22c2ad2ad2ad2ad7329fbe92d446436f2394e041278b8b2,c030|0303|http/1.1|ff01-000b-0023-0017-0010,c030|0303|http/1.1|ff01-000b-0023-0017-0010,009f|0303|http/1.1|ff01-0023-0017-0010,c030|0303||ff01-000b-0023-0017,c030|0303||ff01-000b-0023-0017,c014|0302|http/1.1|ff01-000b-0023-0017-0010,c030|0303|http/1.1|ff01-000b-0023-0017-0010,c030|0303|http/1.1|ff01-000b-0023-0017-0010,c030|0303|http/1.1|ff01-000b-0023-0017-0010,c030|0303|http/1.1|ff01-000b-0023-0017-0010
46.99.175.217,46.99.175.217,00000000000000000000000000000000000000000000000000000000000000,|||,|||,|||,|||,|||,|||,|||,|||,|||,|||
185.164.32.148,185.164.32.148,2ad2ad16d2ad2ad0002ad2ad2ad2adeba60d50ffaa5de7324d57798d467e39,c030|0303|http/1.1|ff01-0000-0001-000b-0010-0017,c030|0303|http/1.1|ff01-0000-0001-000b-0010-0017,009f|0303|http/1.1|ff01-0000-0001-0010-0017,c030|0303||ff01-0000-0001-000b-0017,c030|0303||ff01-0000-0001-000b-0017,|||,c030|0303|http/1.1|ff01-0000-0001-000b-0010-0017,c030|0303|http/1.1|ff01-0000-0001-000b-0010-0017,c030|0303|http/1.1|ff01-0000-0001-000b-0010-0017,c030|0303|http/1.1|ff01-0000-0001-000b-0010-0017
185.99.2.197,185.99.2.197,2ad2ad16d2ad2ad0002ad2ad2ad2adeba60d50ffaa5de7324d57798d467e39,c030|0303|http/1.1|ff01-0000-0001-000b-0010-0017,c030|0303|http/1.1|ff01-0000-0001-000b-0010-0017,009f|0303|http/1.1|ff01-0000-0001-0010-0017,c030|0303||ff01-0000-0001-000b-0017,c030|0303||ff01-0000-0001-000b-0017,|||,c030|0303|http/1.1|ff01-0000-0001-000b-0010-0017,c030|0303|http/1.1|ff01-0000-0001-000b-0010-0017,c030|0303|http/1.1|ff01-0000-0001-000b-0010-0017,c030|0303|http/1.1|ff01-0000-0001-000b-0010-0017
46.36.221.177,46.36.221.177,29d29d00029d29d21c29d29d29d29d4d38a7b5ffb0e5536d09513d9de81205,c02f|0303||ff01-000b-0023,c02f|0303||ff01-000b-0023,|||,c02f|0303||ff01-000b-0023,c02f|0303||ff01-000b-0023,c013|0302||ff01-000b-0023,c02f|0303||ff01-000b-0023,c02f|0303||ff01-000b-0023,c02f|0303||ff01-000b-0023,c02f|0303||ff01-000b-0023
87.97.178.92,87.97.178.92,22b22b00022b22b22b22b22b22b22bce7a321e4956e8298ba917e9f2c22849,c014|0301|http/1.1|ff01-0001-000b-0023-0010-0017,c014|0301|http/1.1|ff01-0001-000b-0023-0010-0017,|||,c014|0301||ff01-0001-000b-0023-0017,c014|0301||ff01-0001-000b-0023-0017,c014|0301|http/1.1|ff01-0001-000b-0023-0010-0017,c014|0301|http/1.1|ff01-0001-000b-0023-0010-0017,c014|0301|http/1.1|ff01-0001-000b-0023-0010-0017,c014|0301|http/1.1|ff01-0001-000b-0023-0010-0017,c014|0301|http/1.1|ff01-0001-000b-0023-0010-0017
185.242.89.198,185.242.89.198,22b22b00022b22b22b22b22b22b22bce7a321e4956e8298ba917e9f2c22849,c014|0301|http/1.1|ff01-0001-000b-0023-0010-0017,c014|0301|http/1.1|ff01-0001-000b-0023-0010-0017,|||,c014|0301||ff01-0001-000b-0023-0017,c014|0301||ff01-0001-000b-0023-0017,c014|0301|http/1.1|ff01-0001-000b-0023-0010-0017,c014|0301|http/1.1|ff01-0001-000b-0023-0010-0017,c014|0301|http/1.1|ff01-0001-000b-0023-0010-0017,c014|0301|http/1.1|ff01-0001-000b-0023-0010-0017,c014|0301|http/1.1|ff01-0001-000b-0023-0010-0017
5.44.57.191,5.44.57.191,00000000000000000000000000000000000000000000000000000000000000,|||,|||,|||,|||,|||,|||,|||,|||,|||,|||
91.83.88.122,91.83.88.122,2ad2ad0002ad2ad22c2ad2ad2ad2adce7a321e4956e8298ba917e9f2c22849,c030|0303|http/1.1|ff01-0001-000b-0023-0010-0017,c030|0303|http/1.1|ff01-0001-000b-0023-0010-0017,|||,c030|0303||ff01-0001-000b-0023-0017,c030|0303||ff01-0001-000b-0023-0017,c014|0302|http/1.1|ff01-0001-000b-0023-0010-0017,c030|0303|http/1.1|ff01-0001-000b-0023-0010-0017,c030|0303|http/1.1|ff01-0001-000b-0023-0010-0017,c030|0303|http/1.1|ff01-0001-000b-0023-0010-0017,c030|0303|http/1.1|ff01-0001-000b-0023-0010-0017
95.140.217.242,95.140.217.242,22b22b00022b22b22b22b22b22b22bce7a321e4956e8298ba917e9f2c22849,c014|0301|http/1.1|ff01-0001-000b-0023-0010-0017,c014|0301|http/1.1|ff01-0001-000b-0023-0010-0017,|||,c014|0301||ff01-0001-000b-0023-0017,c014|0301||ff01-0001-000b-0023-0017,c014|0301|http/1.1|ff01-0001-000b-0023-0010-0017,c014|0301|http/1.1|ff01-0001-000b-0023-0010-0017,c014|0301|http/1.1|ff01-0001-000b-0023-0010-0017,c014|0301|http/1.1|ff01-0001-000b-0023-0010-0017,c014|0301|http/1.1|ff01-0001-000b-0023-0010-0017
87.97.178.92,87.97.178.92,2ad2ad0002ad2ad22c2ad2ad2ad2adce7a321e4956e8298ba917e9f2c22849,c030|0303|http/1.1|ff01-0001-000b-0023-0010-0017,c030|0303|http/1.1|ff01-0001-000b-0023-0010-0017,|||,c030|0303||ff01-0001-000b-0023-0017,c030|0303||ff01-0001-000b-0023-0017,c014|0302|http/1.1|ff01-0001-000b-0023-0010-0017,c030|0303|http/1.1|ff01-0001-000b-0023-0010-0017,c030|0303|http/1.1|ff01-0001-000b-0023-0010-0017,c030|0303|http/1.1|ff01-0001-000b-0023-0010-0017,c030|0303|http/1.1|ff01-0001-000b-0023-0010-0017
181.196.148.42,181.196.148.42,00000000000000000000000000000000000000000000000000000000000000,|||,|||,|||,|||,|||,|||,|||,|||,|||,|||
181.176.221.151,181.176.221.151,00000000000000000000000000000000000000000000000000000000000000,|||,|||,|||,|||,|||,|||,|||,|||,|||,|||
185.242.88.63,185.242.88.63,22b22b00022b22b22b22b22b22b22bce7a321e4956e8298ba917e9f2c22849,c014|0301|http/1.1|ff01-0001-000b-0023-0010-0017,c014|0301|http/1.1|ff01-0001-000b-0023-0010-0017,|||,c014|0301||ff01-0001-000b-0023-0017,c014|0301||ff01-0001-000b-0023-0017,c014|0301|http/1.1|ff01-0001-000b-0023-0010-0017,c014|0301|http/1.1|ff01-0001-000b-0023-0010-0017,c014|0301|http/1.1|ff01-0001-000b-0023-0010-0017,c014|0301|http/1.1|ff01-0001-000b-0023-0010-0017,c014|0301|http/1.1|ff01-0001-000b-0023-0010-0017
37.57.82.112,37.57.82.112,2ad2ad0002ad2ad22c2ad2ad2ad2adce7a321e4956e8298ba917e9f2c22849,c030|0303|http/1.1|ff01-0001-000b-0023-0010-0017,c030|0303|http/1.1|ff01-0001-000b-0023-0010-0017,|||,c030|0303||ff01-0001-000b-0023-0017,c030|0303||ff01-0001-000b-0023-0017,c014|0302|http/1.1|ff01-0001-000b-0023-0010-0017,c030|0303|http/1.1|ff01-0001-000b-0023-0010-0017,c030|0303|http/1.1|ff01-0001-000b-0023-0010-0017,c030|0303|http/1.1|ff01-0001-000b-0023-0010-0017,c030|0303|http/1.1|ff01-0001-000b-0023-0010-0017
181.188.180.243,181.188.180.243,00000000000000000000000000000000000000000000000000000000000000,|||,|||,|||,|||,|||,|||,|||,|||,|||,|||
23.160.193.106,23.160.193.106,21d19d00021d21d21c21d19d21d21d3b0d229d76f2fd7cb8e23bb87da38a20,c013|0303|http/1.1|ff01-0000-0001-000b-0023-0010-0017,00c0|0303|http/1.1|ff01-0000-0001-0023-0010-0017,|||,c013|0303||ff01-0000-0001-000b-0023-0017,c013|0303||ff01-0000-0001-000b-0023-0017,c013|0302|http/1.1|ff01-0000-0001-000b-0023-0010-0017,c013|0303|http/1.1|ff01-0000-0001-000b-0023-0010-0017,00c0|0303|http/1.1|ff01-0000-0001-0023-0010-0017,c013|0303|http/1.1|ff01-0000-0001-000b-0023-0010-0017,c013|0303|http/1.1|ff01-0000-0001-000b-0023-0010-0017
177.138.142.97,177.138.142.97,00000000000000000000000000000000000000000000000000000000000000,|||,|||,|||,|||,|||,|||,|||,|||,|||,|||
45.201.134.202,45.201.134.202,00000000000000000000000000000000000000000000000000000000000000,|||,|||,|||,|||,|||,|||,|||,|||,|||,|||
81.190.193.197,81.190.193.197,2ad2ad0002ad2ad22c2ad2ad2ad2adce7a321e4956e8298ba917e9f2c22849,c030|0303|http/1.1|ff01-0001-000b-0023-0010-0017,c030|0303|http/1.1|ff01-0001-000b-0023-0010-0017,|||,c030|0303||ff01-0001-000b-0023-0017,c030|0303||ff01-0001-000b-0023-0017,c014|0302|http/1.1|ff01-0001-000b-0023-0010-0017,c030|0303|http/1.1|ff01-0001-000b-0023-0010-0017,c030|0303|http/1.1|ff01-0001-000b-0023-0010-0017,c030|0303|http/1.1|ff01-0001-000b-0023-0010-0017,c030|0303|http/1.1|ff01-0001-000b-0023-0010-0017
194.190.18.122,194.190.18.122,22b22b00022b22b22b22b22b22b22bc2ddcfd203d071c45b4b0ffe3d7b4b89,c014|0301|http/1.1|ff01-0000-0001-000b-0023-0010-0017,c014|0301|http/1.1|ff01-0000-0001-000b-0023-0010-0017,|||,c014|0301||ff01-0000-0001-000b-0023-0017,c014|0301||ff01-0000-0001-000b-0023-0017,c014|0301|http/1.1|ff01-0000-0001-000b-0023-0010-0017,c014|0301|http/1.1|ff01-0000-0001-000b-0023-0010-0017,c014|0301|http/1.1|ff01-0000-0001-000b-0023-0010-0017,c014|0301|http/1.1|ff01-0000-0001-000b-0023-0010-0017,c014|0301|http/1.1|ff01-0000-0001-000b-0023-0010-0017
91.243.125.5,91.243.125.5,22b22b00022b22b22b22b22b22b22bce7a321e4956e8298ba917e9f2c22849,c014|0301|http/1.1|ff01-0001-000b-0023-0010-0017,c014|0301|http/1.1|ff01-0001-000b-0023-0010-0017,|||,c014|0301||ff01-0001-000b-0023-0017,c014|0301||ff01-0001-000b-0023-0017,c014|0301|http/1.1|ff01-0001-000b-0023-0010-0017,c014|0301|http/1.1|ff01-0001-000b-0023-0010-0017,c014|0301|http/1.1|ff01-0001-000b-0023-0010-0017,c014|0301|http/1.1|ff01-0001-000b-0023-0010-0017,c014|0301|http/1.1|ff01-0001-000b-0023-0010-0017
178.134.47.166,178.134.47.166,22b22b00022b22b22b22b22b22b22bc2ddcfd203d071c45b4b0ffe3d7b4b89,c014|0301|http/1.1|ff01-0000-0001-000b-0023-0010-0017,c014|0301|http/1.1|ff01-0000-0001-000b-0023-0010-0017,|||,c014|0301||ff01-0000-0001-000b-0023-0017,c014|0301||ff01-0000-0001-000b-0023-0017,c014|0301|http/1.1|ff01-0000-0001-000b-0023-0010-0017,c014|0301|http/1.1|ff01-0000-0001-000b-0023-0010-0017,c014|0301|http/1.1|ff01-0000-0001-000b-0023-0010-0017,c014|0301|http/1.1|ff01-0000-0001-000b-0023-0010-0017,c014|0301|http/1.1|ff01-0000-0001-000b-0023-0010-0017
185.9.187.10,185.9.187.10,22b22b00022b22b22b22b22b22b22bc2ddcfd203d071c45b4b0ffe3d7b4b89,c014|0301|http/1.1|ff01-0000-0001-000b-0023-0010-0017,c014|0301|http/1.1|ff01-0000-0001-000b-0023-0010-0017,|||,c014|0301||ff01-0000-0001-000b-0023-0017,c014|0301||ff01-0000-0001-000b-0023-0017,c014|0301|http/1.1|ff01-0000-0001-000b-0023-0010-0017,c014|0301|http/1.1|ff01-0000-0001-000b-0023-0010-0017,c014|0301|http/1.1|ff01-0000-0001-000b-0023-0010-0017,c014|0301|http/1.1|ff01-0000-0001-000b-0023-0010-0017,c014|0301|http/1.1|ff01-0000-0001-000b-0023-0010-0017
43.246.138.162,43.246.138.162,00000000000000000000000000000000000000000000000000000000000000,|||,|||,|||,|||,|||,|||,|||,|||,|||,|||
216.177.161.118,216.177.161.118,2ad2ad0002ad2ad22c2ad2ad2ad2adce7a321e4956e8298ba917e9f2c22849,c030|0303|http/1.1|ff01-0001-000b-0023-0010-0017,c030|0303|http/1.1|ff01-0001-000b-0023-0010-0017,|||,c030|0303||ff01-0001-000b-0023-0017,c030|0303||ff01-0001-000b-0023-0017,c014|0302|http/1.1|ff01-0001-000b-0023-0010-0017,c030|0303|http/1.1|ff01-0001-000b-0023-0010-0017,c030|0303|http/1.1|ff01-0001-000b-0023-0010-0017,c030|0303|http/1.1|ff01-0001-000b-0023-0010-0017,c030|0303|http/1.1|ff01-0001-000b-0023-0010-0017
31.173.137.49,31.173.137.49,2ad2ad0002ad2ad22c2ad2ad2ad2adce7a321e4956e8298ba917e9f2c22849,c030|0303|http/1.1|ff01-0001-000b-0023-0010-0017,c030|0303|http/1.1|ff01-0001-000b-0023-0010-0017,|||,c030|0303||ff01-0001-000b-0023-0017,c030|0303||ff01-0001-000b-0023-0017,c014|0302|http/1.1|ff01-0001-000b-0023-0010-0017,c030|0303|http/1.1|ff01-0001-000b-0023-0010-0017,c030|0303|http/1.1|ff01-0001-000b-0023-0010-0017,c030|0303|http/1.1|ff01-0001-000b-0023-0010-0017,c030|0303|http/1.1|ff01-0001-000b-0023-0010-0017
222.252.61.23,222.252.61.23,00000000000000000000000000000000000000000000000000000000000000,|||,|||,|||,|||,|||,|||,|||,|||,|||,|||
31.173.137.39,31.173.137.39,2ad2ad0002ad2ad22c2ad2ad2ad2adce7a321e4956e8298ba917e9f2c22849,c030|0303|http/1.1|ff01-0001-000b-0023-0010-0017,c030|0303|http/1.1|ff01-0001-000b-0023-0010-0017,|||,c030|0303||ff01-0001-000b-0023-0017,c030|0303||ff01-0001-000b-0023-0017,c014|0302|http/1.1|ff01-0001-000b-0023-0010-0017,c030|0303|http/1.1|ff01-0001-000b-0023-0010-0017,c030|0303|http/1.1|ff01-0001-000b-0023-0010-0017,c030|0303|http/1.1|ff01-0001-000b-0023-0010-0017,c030|0303|http/1.1|ff01-0001-000b-0023-0010-0017
31.173.137.47,31.173.137.47,2ad2ad0002ad2ad22c2ad2ad2ad2adce7a321e4956e8298ba917e9f2c22849,c030|0303|http/1.1|ff01-0001-000b-0023-0010-0017,c030|0303|http/1.1|ff01-0001-000b-0023-0010-0017,|||,c030|0303||ff01-0001-000b-0023-0017,c030|0303||ff01-0001-000b-0023-0017,c014|0302|http/1.1|ff01-0001-000b-0023-0010-0017,c030|0303|http/1.1|ff01-0001-000b-0023-0010-0017,c030|0303|http/1.1|ff01-0001-000b-0023-0010-0017,c030|0303|http/1.1|ff01-0001-000b-0023-0010-0017,c030|0303|http/1.1|ff01-0001-000b-0023-0010-0017
95.178.38.68,95.178.38.68,16d16d16d14d16d09c16d16d16d16d7991b0b1ad2cbf06082e3b1a9dcaaa8d,009f|0303||0000-ff01-0023,009f|0303||0000-ff01-0023,009f|0303||0000-ff01-0023,009d|0303||0000-ff01-0023,009f|0303||0000-ff01-0023,0039|0302||0000-ff01-0023,009f|0303||0000-ff01-0023,009f|0303||0000-ff01-0023,009f|0303||0000-ff01-0023,009f|0303||0000-ff01-0023
83.146.71.242,83.146.71.242,2ad2ad0002ad2ad22c2ad2ad2ad2adce7a321e4956e8298ba917e9f2c22849,c030|0303|http/1.1|ff01-0001-000b-0023-0010-0017,c030|0303|http/1.1|ff01-0001-000b-0023-0010-0017,|||,c030|0303||ff01-0001-000b-0023-0017,c030|0303||ff01-0001-000b-0023-0017,c014|0302|http/1.1|ff01-0001-000b-0023-0010-0017,c030|0303|http/1.1|ff01-0001-000b-0023-0010-0017,c030|0303|http/1.1|ff01-0001-000b-0023-0010-0017,c030|0303|http/1.1|ff01-0001-000b-0023-0010-0017,c030|0303|http/1.1|ff01-0001-000b-0023-0010-0017
95.178.38.81,95.178.38.81,16d16d16d14d16d09c16d16d16d16d7991b0b1ad2cbf06082e3b1a9dcaaa8d,009f|0303||0000-ff01-0023,009f|0303||0000-ff01-0023,009f|0303||0000-ff01-0023,009d|0303||0000-ff01-0023,009f|0303||0000-ff01-0023,0039|0302||0000-ff01-0023,009f|0303||0000-ff01-0023,009f|0303||0000-ff01-0023,009f|0303||0000-ff01-0023,009f|0303||0000-ff01-0023
108.55.14.158,108.55.14.158,2ad2ad0002ad2ad22c2ad2ad2ad2adce7a321e4956e8298ba917e9f2c22849,c030|0303|http/1.1|ff01-0001-000b-0023-0010-0017,c030|0303|http/1.1|ff01-0001-000b-0023-0010-0017,|||,c030|0303||ff01-0001-000b-0023-0017,c030|0303||ff01-0001-000b-0023-0017,c014|0302|http/1.1|ff01-0001-000b-0023-0010-0017,c030|0303|http/1.1|ff01-0001-000b-0023-0010-0017,c030|0303|http/1.1|ff01-0001-000b-0023-0010-0017,c030|0303|http/1.1|ff01-0001-000b-0023-0010-0017,c030|0303|http/1.1|ff01-0001-000b-0023-0010-0017
188.234.115.35,188.234.115.35,2ad2ad0002ad2ad22c2ad2ad2ad2adce7a321e4956e8298ba917e9f2c22849,c030|0303|http/1.1|ff01-0001-000b-0023-0010-0017,c030|0303|http/1.1|ff01-0001-000b-0023-0010-0017,|||,c030|0303||ff01-0001-000b-0023-0017,c030|0303||ff01-0001-000b-0023-0017,c014|0302|http/1.1|ff01-0001-000b-0023-0010-0017,c030|0303|http/1.1|ff01-0001-000b-0023-0010-0017,c030|0303|http/1.1|ff01-0001-000b-0023-0010-0017,c030|0303|http/1.1|ff01-0001-000b-0023-0010-0017,c030|0303|http/1.1|ff01-0001-000b-0023-0010-0017
62.64.9.237,62.64.9.237,2ad2ad0002ad2ad22c2ad2ad2ad2adce7a321e4956e8298ba917e9f2c22849,c030|0303|http/1.1|ff01-0001-000b-0023-0010-0017,c030|0303|http/1.1|ff01-0001-000b-0023-0010-0017,|||,c030|0303||ff01-0001-000b-0023-0017,c030|0303||ff01-0001-000b-0023-0017,c014|0302|http/1.1|ff01-0001-000b-0023-0010-0017,c030|0303|http/1.1|ff01-0001-000b-0023-0010-0017,c030|0303|http/1.1|ff01-0001-000b-0023-0010-0017,c030|0303|http/1.1|ff01-0001-000b-0023-0010-0017,c030|0303|http/1.1|ff01-0001-000b-0023-0010-0017
144.48.138.213,144.48.138.213,21d14d00021d21d21c21d14d21d21d696c1bb221f80034f540b6754152d3b8,c013|0303|http/1.1|ff01-000b-0023-0010,009d|0303|http/1.1|ff01-0023-0010,|||,c013|0303||ff01-000b-0023,c013|0303||ff01-000b-0023,c013|0302|http/1.1|ff01-000b-0023-0010,c013|0303|http/1.1|ff01-000b-0023-0010,009d|0303|http/1.1|ff01-0023-0010,c013|0303|http/1.1|ff01-000b-0023-0010,c013|0303|http/1.1|ff01-000b-0023-0010
24.32.202.68,24.32.202.68,16d16d16d14d16d09c16d16d16d16d7991b0b1ad2cbf06082e3b1a9dcaaa8d,009f|0303||0000-ff01-0023,009f|0303||0000-ff01-0023,009f|0303||0000-ff01-0023,009d|0303||0000-ff01-0023,009f|0303||0000-ff01-0023,0039|0302||0000-ff01-0023,009f|0303||0000-ff01-0023,009f|0303||0000-ff01-0023,009f|0303||0000-ff01-0023,009f|0303||0000-ff01-0023
45.36.99.184,45.36.99.184,2ad2ad0002ad2ad0002ad2ad2ad2ad04320b71a5a1a86999cfc20df5bd6320,c030|0303|http/1.1|ff01-0001-000b-0023-0010-0017,c030|0303|http/1.1|ff01-0001-000b-0023-0010-0017,|||,c030|0303||ff01-0001-000b-0023-0017,c030|0303||ff01-0001-000b-0023-0017,|||,c030|0303|http/1.1|ff01-0001-000b-0023-0010-0017,c030|0303|http/1.1|ff01-0001-000b-0023-0010-0017,c030|0303|http/1.1|ff01-0001-000b-0023-0010-0017,c030|0303|http/1.1|ff01-0001-000b-0023-0010-0017
103.238.228.115,103.238.228.115,16d16d16d14d16d09c16d16d16d16d7991b0b1ad2cbf06082e3b1a9dcaaa8d,009f|0303||0000-ff01-0023,009f|0303||0000-ff01-0023,009f|0303||0000-ff01-0023,009d|0303||0000-ff01-0023,009f|0303||0000-ff01-0023,0039|0302||0000-ff01-0023,009f|0303||0000-ff01-0023,009f|0303||0000-ff01-0023,009f|0303||0000-ff01-0023,009f|0303||0000-ff01-0023
190.61.46.106,190.61.46.106,2ad2ad0002ad2ad22c2ad2ad2ad2adce7a321e4956e8298ba917e9f2c22849,c030|0303|http/1.1|ff01-0001-000b-0023-0010-0017,c030|0303|http/1.1|ff01-0001-000b-0023-0010-0017,|||,c030|0303||ff01-0001-000b-0023-0017,c030|0303||ff01-0001-000b-0023-0017,c014|0302|http/1.1|ff01-0001-000b-0023-0010-0017,c030|0303|http/1.1|ff01-0001-000b-0023-0010-0017,c030|0303|http/1.1|ff01-0001-000b-0023-0010-0017,c030|0303|http/1.1|ff01-0001-000b-0023-0010-0017,c030|0303|http/1.1|ff01-0001-000b-0023-0010-0017
98.0.159.122,98.0.159.122,2ad2ad0002ad2ad22c2ad2ad2ad2adce7a321e4956e8298ba917e9f2c22849,c030|0303|http/1.1|ff01-0001-000b-0023-0010-0017,c030|0303|http/1.1|ff01-0001-000b-0023-0010-0017,|||,c030|0303||ff01-0001-000b-0023-0017,c030|0303||ff01-0001-000b-0023-0017,c014|0302|http/1.1|ff01-0001-000b-0023-0010-0017,c030|0303|http/1.1|ff01-0001-000b-0023-0010-0017,c030|0303|http/1.1|ff01-0001-000b-0023-0010-0017,c030|0303|http/1.1|ff01-0001-000b-0023-0010-0017,c030|0303|http/1.1|ff01-0001-000b-0023-0010-0017
91.234.132.24,91.234.132.24,16d16d16d14d16d09c16d16d16d16d7991b0b1ad2cbf06082e3b1a9dcaaa8d,009f|0303||0000-ff01-0023,009f|0303||0000-ff01-0023,009f|0303||0000-ff01-0023,009d|0303||0000-ff01-0023,009f|0303||0000-ff01-0023,0039|0302||0000-ff01-0023,009f|0303||0000-ff01-0023,009f|0303||0000-ff01-0023,009f|0303||0000-ff01-0023,009f|0303||0000-ff01-0023
97.83.40.67,97.83.40.67,2ad2ad0002ad2ad0002ad2ad2ad2ad04320b71a5a1a86999cfc20df5bd6320,c030|0303|http/1.1|ff01-0001-000b-0023-0010-0017,c030|0303|http/1.1|ff01-0001-000b-0023-0010-0017,|||,c030|0303||ff01-0001-000b-0023-0017,c030|0303||ff01-0001-000b-0023-0017,|||,c030|0303|http/1.1|ff01-0001-000b-0023-0010-0017,c030|0303|http/1.1|ff01-0001-000b-0023-0010-0017,c030|0303|http/1.1|ff01-0001-000b-0023-0010-0017,c030|0303|http/1.1|ff01-0001-000b-0023-0010-0017
185.94.172.15,185.94.172.15,22b22b00022b22b22b22b22b22b22bce7a321e4956e8298ba917e9f2c22849,c014|0301|http/1.1|ff01-0001-000b-0023-0010-0017,c014|0301|http/1.1|ff01-0001-000b-0023-0010-0017,|||,c014|0301||ff01-0001-000b-0023-0017,c014|0301||ff01-0001-000b-0023-0017,c014|0301|http/1.1|ff01-0001-000b-0023-0010-0017,c014|0301|http/1.1|ff01-0001-000b-0023-0010-0017,c014|0301|http/1.1|ff01-0001-000b-0023-0010-0017,c014|0301|http/1.1|ff01-0001-000b-0023-0010-0017,c014|0301|http/1.1|ff01-0001-000b-0023-0010-0017
49.248.217.170,49.248.217.170,22b22b00022b22b22b22b22b22b22bc2ddcfd203d071c45b4b0ffe3d7b4b89,c014|0301|http/1.1|ff01-0000-0001-000b-0023-0010-0017,c014|0301|http/1.1|ff01-0000-0001-000b-0023-0010-0017,|||,c014|0301||ff01-0000-0001-000b-0023-0017,c014|0301||ff01-0000-0001-000b-0023-0017,c014|0301|http/1.1|ff01-0000-0001-000b-0023-0010-0017,c014|0301|http/1.1|ff01-0000-0001-000b-0023-0010-0017,c014|0301|http/1.1|ff01-0000-0001-000b-0023-0010-0017,c014|0301|http/1.1|ff01-0000-0001-000b-0023-0010-0017,c014|0301|http/1.1|ff01-0000-0001-000b-0023-0010-0017
177.52.221.73,177.52.221.73,2ad2ad0002ad2ad22c2ad2ad2ad2adce7a321e4956e8298ba917e9f2c22849,c030|0303|http/1.1|ff01-0001-000b-0023-0010-0017,c030|0303|http/1.1|ff01-0001-000b-0023-0010-0017,|||,c030|0303||ff01-0001-000b-0023-0017,c030|0303||ff01-0001-000b-0023-0017,c014|0302|http/1.1|ff01-0001-000b-0023-0010-0017,c030|0303|http/1.1|ff01-0001-000b-0023-0010-0017,c030|0303|http/1.1|ff01-0001-000b-0023-0010-0017,c030|0303|http/1.1|ff01-0001-000b-0023-0010-0017,c030|0303|http/1.1|ff01-0001-000b-0023-0010-0017
190.152.4.202,190.152.4.202,2ad2ad0002ad2ad22c2ad2ad2ad2adce7a321e4956e8298ba917e9f2c22849,c030|0303|http/1.1|ff01-0001-000b-0023-0010-0017,c030|0303|http/1.1|ff01-0001-000b-0023-0010-0017,|||,c030|0303||ff01-0001-000b-0023-0017,c030|0303||ff01-0001-000b-0023-0017,c014|0302|http/1.1|ff01-0001-000b-0023-0010-0017,c030|0303|http/1.1|ff01-0001-000b-0023-0010-0017,c030|0303|http/1.1|ff01-0001-000b-0023-0010-0017,c030|0303|http/1.1|ff01-0001-000b-0023-0010-0017,c030|0303|http/1.1|ff01-0001-000b-0023-0010-0017
190.197.55.254,190.197.55.254,2ad2ad0002ad2ad22c2ad2ad2ad2adce7a321e4956e8298ba917e9f2c22849,c030|0303|http/1.1|ff01-0001-000b-0023-0010-0017,c030|0303|http/1.1|ff01-0001-000b-0023-0010-0017,|||,c030|0303||ff01-0001-000b-0023-0017,c030|0303||ff01-0001-000b-0023-0017,c014|0302|http/1.1|ff01-0001-000b-0023-0010-0017,c030|0303|http/1.1|ff01-0001-000b-0023-0010-0017,c030|0303|http/1.1|ff01-0001-000b-0023-0010-0017,c030|0303|http/1.1|ff01-0001-000b-0023-0010-0017,c030|0303|http/1.1|ff01-0001-000b-0023-0010-0017
181.143.251.154,181.143.251.154,2ad2ad0002ad2ad22c2ad2ad2ad2adce7a321e4956e8298ba917e9f2c22849,c030|0303|http/1.1|ff01-0001-000b-0023-0010-0017,c030|0303|http/1.1|ff01-0001-000b-0023-0010-0017,|||,c030|0303||ff01-0001-000b-0023-0017,c030|0303||ff01-0001-000b-0023-0017,c014|0302|http/1.1|ff01-0001-000b-0023-0010-0017,c030|0303|http/1.1|ff01-0001-000b-0023-0010-0017,c030|0303|http/1.1|ff01-0001-000b-0023-0010-0017,c030|0303|http/1.1|ff01-0001-000b-0023-0010-0017,c030|0303|http/1.1|ff01-0001-000b-0023-0010-0017
209.33.231.203,209.33.231.203,22b22b00022b22b22b22b22b22b22bc2ddcfd203d071c45b4b0ffe3d7b4b89,c014|0301|http/1.1|ff01-0000-0001-000b-0023-0010-0017,c014|0301|http/1.1|ff01-0000-0001-000b-0023-0010-0017,|||,c014|0301||ff01-0000-0001-000b-0023-0017,c014|0301||ff01-0000-0001-000b-0023-0017,c014|0301|http/1.1|ff01-0000-0001-000b-0023-0010-0017,c014|0301|http/1.1|ff01-0000-0001-000b-0023-0010-0017,c014|0301|http/1.1|ff01-0000-0001-000b-0023-0010-0017,c014|0301|http/1.1|ff01-0000-0001-000b-0023-0010-0017,c014|0301|http/1.1|ff01-0000-0001-000b-0023-0010-0017
190.145.83.98,190.145.83.98,2ad2ad0002ad2ad22c2ad2ad2ad2adce7a321e4956e8298ba917e9f2c22849,c030|0303|http/1.1|ff01-0001-000b-0023-0010-0017,c030|0303|http/1.1|ff01-0001-000b-0023-0010-0017,|||,c030|0303||ff01-0001-000b-0023-0017,c030|0303||ff01-0001-000b-0023-0017,c014|0302|http/1.1|ff01-0001-000b-0023-0010-0017,c030|0303|http/1.1|ff01-0001-000b-0023-0010-0017,c030|0303|http/1.1|ff01-0001-000b-0023-0010-0017,c030|0303|http/1.1|ff01-0001-000b-0023-0010-0017,c030|0303|http/1.1|ff01-0001-000b-0023-0010-0017
43.225.69.20,43.225.69.20,16d16d16d14d16d09c16d16d16d16d7991b0b1ad2cbf06082e3b1a9dcaaa8d,009f|0303||0000-ff01-0023,009f|0303||0000-ff01-0023,009f|0303||0000-ff01-0023,009d|0303||0000-ff01-0023,009f|0303||0000-ff01-0023,0039|0302||0000-ff01-0023,009f|0303||0000-ff01-0023,009f|0303||0000-ff01-0023,009f|0303||0000-ff01-0023,009f|0303||0000-ff01-0023
186.97.172.178,186.97.172.178,22b22b00022b22b22b22b22b22b22bc2ddcfd203d071c45b4b0ffe3d7b4b89,c014|0301|http/1.1|ff01-0000-0001-000b-0023-0010-0017,c014|0301|http/1.1|ff01-0000-0001-000b-0023-0010-0017,|||,c014|0301||ff01-0000-0001-000b-0023-0017,c014|0301||ff01-0000-0001-000b-0023-0017,c014|0301|http/1.1|ff01-0000-0001-000b-0023-0010-0017,c014|0301|http/1.1|ff01-0000-0001-000b-0023-0010-0017,c014|0301|http/1.1|ff01-0000-0001-000b-0023-0010-0017,c014|0301|http/1.1|ff01-0000-0001-000b-0023-0010-0017,c014|0301|http/1.1|ff01-0000-0001-000b-0023-0010-0017
181.205.41.42,181.205.41.42,2ad2ad0002ad2ad22c2ad2ad2ad2adce7a321e4956e8298ba917e9f2c22849,c030|0303|http/1.1|ff01-0001-000b-0023-0010-0017,c030|0303|http/1.1|ff01-0001-000b-0023-0010-0017,|||,c030|0303||ff01-0001-000b-0023-0017,c030|0303||ff01-0001-000b-0023-0017,c014|0302|http/1.1|ff01-0001-000b-0023-0010-0017,c030|0303|http/1.1|ff01-0001-000b-0023-0010-0017,c030|0303|http/1.1|ff01-0001-000b-0023-0010-0017,c030|0303|http/1.1|ff01-0001-000b-0023-0010-0017,c030|0303|http/1.1|ff01-0001-000b-0023-0010-0017
201.184.226.74,201.184.226.74,2ad2ad0002ad2ad0002ad2ad2ad2ad04320b71a5a1a86999cfc20df5bd6320,c030|0303|http/1.1|ff01-0001-000b-0023-0010-0017,c030|0303|http/1.1|ff01-0001-000b-0023-0010-0017,|||,c030|0303||ff01-0001-000b-0023-0017,c030|0303||ff01-0001-000b-0023-0017,|||,c030|0303|http/1.1|ff01-0001-000b-0023-0010-0017,c030|0303|http/1.1|ff01-0001-000b-0023-0010-0017,c030|0303|http/1.1|ff01-0001-000b-0023-0010-0017,c030|0303|http/1.1|ff01-0001-000b-0023-0010-0017
181.129.85.98,181.129.85.98,22b22b00022b22b22b22b22b22b22bce7a321e4956e8298ba917e9f2c22849,c014|0301|http/1.1|ff01-0001-000b-0023-0010-0017,c014|0301|http/1.1|ff01-0001-000b-0023-0010-0017,|||,c014|0301||ff01-0001-000b-0023-0017,c014|0301||ff01-0001-000b-0023-0017,c014|0301|http/1.1|ff01-0001-000b-0023-0010-0017,c014|0301|http/1.1|ff01-0001-000b-0023-0010-0017,c014|0301|http/1.1|ff01-0001-000b-0023-0010-0017,c014|0301|http/1.1|ff01-0001-000b-0023-0010-0017,c014|0301|http/1.1|ff01-0001-000b-0023-0010-0017
190.248.146.170,190.248.146.170,2ad2ad0002ad2ad22c2ad2ad2ad2adce7a321e4956e8298ba917e9f2c22849,c030|0303|http/1.1|ff01-0001-000b-0023-0010-0017,c030|0303|http/1.1|ff01-0001-000b-0023-0010-0017,|||,c030|0303||ff01-0001-000b-0023-0017,c030|0303||ff01-0001-000b-0023-0017,c014|0302|http/1.1|ff01-0001-000b-0023-0010-0017,c030|0303|http/1.1|ff01-0001-000b-0023-0010-0017,c030|0303|http/1.1|ff01-0001-000b-0023-0010-0017,c030|0303|http/1.1|ff01-0001-000b-0023-0010-0017,c030|0303|http/1.1|ff01-0001-000b-0023-0010-0017
181.143.251.154,181.143.251.154,22b22b00022b22b22b22b22b22b22bce7a321e4956e8298ba917e9f2c22849,c014|0301|http/1.1|ff01-0001-000b-0023-0010-0017,c014|0301|http/1.1|ff01-0001-000b-0023-0010-0017,|||,c014|0301||ff01-0001-000b-0023-0017,c014|0301||ff01-0001-000b-0023-0017,c014|0301|http/1.1|ff01-0001-000b-0023-0010-0017,c014|0301|http/1.1|ff01-0001-000b-0023-0010-0017,c014|0301|http/1.1|ff01-0001-000b-0023-0010-0017,c014|0301|http/1.1|ff01-0001-000b-0023-0010-0017,c014|0301|http/1.1|ff01-0001-000b-0023-0010-0017
186.32.3.108,186.32.3.108,22b22b00022b22b22b22b22b22b22bce7a321e4956e8298ba917e9f2c22849,c014|0301|http/1.1|ff01-0001-000b-0023-0010-0017,c014|0301|http/1.1|ff01-0001-000b-0023-0010-0017,|||,c014|0301||ff01-0001-000b-0023-0017,c014|0301||ff01-0001-000b-0023-0017,c014|0301|http/1.1|ff01-0001-000b-0023-0010-0017,c014|0301|http/1.1|ff01-0001-000b-0023-0010-0017,c014|0301|http/1.1|ff01-0001-000b-0023-0010-0017,c014|0301|http/1.1|ff01-0001-000b-0023-0010-0017,c014|0301|http/1.1|ff01-0001-000b-0023-0010-0017
181.211.247.43,181.211.247.43,2ad2ad0002ad2ad22c2ad2ad2ad2adce7a321e4956e8298ba917e9f2c22849,c030|0303|http/1.1|ff01-0001-000b-0023-0010-0017,c030|0303|http/1.1|ff01-0001-000b-0023-0010-0017,|||,c030|0303||ff01-0001-000b-0023-0017,c030|0303||ff01-0001-000b-0023-0017,c014|0302|http/1.1|ff01-0001-000b-0023-0010-0017,c030|0303|http/1.1|ff01-0001-000b-0023-0010-0017,c030|0303|http/1.1|ff01-0001-000b-0023-0010-0017,c030|0303|http/1.1|ff01-0001-000b-0023-0010-0017,c030|0303|http/1.1|ff01-0001-000b-0023-0010-0017
186.159.12.18,186.159.12.18,2ad2ad0002ad2ad0002ad2ad2ad2ad04320b71a5a1a86999cfc20df5bd6320,c030|0303|http/1.1|ff01-0001-000b-0023-0010-0017,c030|0303|http/1.1|ff01-0001-000b-0023-0010-0017,|||,c030|0303||ff01-0001-000b-0023-0017,c030|0303||ff01-0001-000b-0023-0017,|||,c030|0303|http/1.1|ff01-0001-000b-0023-0010-0017,c030|0303|http/1.1|ff01-0001-000b-0023-0010-0017,c030|0303|http/1.1|ff01-0001-000b-0023-0010-0017,c030|0303|http/1.1|ff01-0001-000b-0023-0010-0017
186.97.201.66,186.97.201.66,2ad2ad0002ad2ad22c2ad2ad2ad2adce7a321e4956e8298ba917e9f2c22849,c030|0303|http/1.1|ff01-0001-000b-0023-0010-0017,c030|0303|http/1.1|ff01-0001-000b-0023-0010-0017,|||,c030|0303||ff01-0001-000b-0023-0017,c030|0303||ff01-0001-000b-0023-0017,c014|0302|http/1.1|ff01-0001-000b-0023-0010-0017,c030|0303|http/1.1|ff01-0001-000b-0023-0010-0017,c030|0303|http/1.1|ff01-0001-000b-0023-0010-0017,c030|0303|http/1.1|ff01-0001-000b-0023-0010-0017,c030|0303|http/1.1|ff01-0001-000b-0023-0010-0017
24.162.214.166,24.162.214.166,2ad2ad0002ad2ad22c2ad2ad2ad2adce7a321e4956e8298ba917e9f2c22849,c030|0303|http/1.1|ff01-0001-000b-0023-0010-0017,c030|0303|http/1.1|ff01-0001-000b-0023-0010-0017,|||,c030|0303||ff01-0001-000b-0023-0017,c030|0303||ff01-0001-000b-0023-0017,c014|0302|http/1.1|ff01-0001-000b-0023-0010-0017,c030|0303|http/1.1|ff01-0001-000b-0023-0010-0017,c030|0303|http/1.1|ff01-0001-000b-0023-0010-0017,c030|0303|http/1.1|ff01-0001-000b-0023-0010-0017,c030|0303|http/1.1|ff01-0001-000b-0023-0010-0017
190.109.171.17,190.109.171.17,2ad2ad0002ad2ad0002ad2ad2ad2ad04320b71a5a1a86999cfc20df5bd6320,c030|0303|http/1.1|ff01-0001-000b-0023-0010-0017,c030|0303|http/1.1|ff01-0001-000b-0023-0010-0017,|||,c030|0303||ff01-0001-000b-0023-0017,c030|0303||ff01-0001-000b-0023-0017,|||,c030|0303|http/1.1|ff01-0001-000b-0023-0010-0017,c030|0303|http/1.1|ff01-0001-000b-0023-0010-0017,c030|0303|http/1.1|ff01-0001-000b-0023-0010-0017,c030|0303|http/1.1|ff01-0001-000b-0023-0010-0017
186.159.4.217,186.159.4.217,2ad2ad0002ad2ad22c2ad2ad2ad2adce7a321e4956e8298ba917e9f2c22849,c030|0303|http/1.1|ff01-0001-000b-0023-0010-0017,c030|0303|http/1.1|ff01-0001-000b-0023-0010-0017,|||,c030|0303||ff01-0001-000b-0023-0017,c030|0303||ff01-0001-000b-0023-0017,c014|0302|http/1.1|ff01-0001-000b-0023-0010-0017,c030|0303|http/1.1|ff01-0001-000b-0023-0010-0017,c030|0303|http/1.1|ff01-0001-000b-0023-0010-0017,c030|0303|http/1.1|ff01-0001-000b-0023-0010-0017,c030|0303|http/1.1|ff01-0001-000b-0023-0010-0017
191.103.252.193,191.103.252.193,2ad2ad0002ad2ad22c2ad2ad2ad2adce7a321e4956e8298ba917e9f2c22849,c030|0303|http/1.1|ff01-0001-000b-0023-0010-0017,c030|0303|http/1.1|ff01-0001-000b-0023-0010-0017,|||,c030|0303||ff01-0001-000b-0023-0017,c030|0303||ff01-0001-000b-0023-0017,c014|0302|http/1.1|ff01-0001-000b-0023-0010-0017,c030|0303|http/1.1|ff01-0001-000b-0023-0010-0017,c030|0303|http/1.1|ff01-0001-000b-0023-0010-0017,c030|0303|http/1.1|ff01-0001-000b-0023-0010-0017,c030|0303|http/1.1|ff01-0001-000b-0023-0010-0017
186.159.16.58,186.159.16.58,2ad2ad0002ad2ad22c2ad2ad2ad2adce7a321e4956e8298ba917e9f2c22849,c030|0303|http/1.1|ff01-0001-000b-0023-0010-0017,c030|0303|http/1.1|ff01-0001-000b-0023-0010-0017,|||,c030|0303||ff01-0001-000b-0023-0017,c030|0303||ff01-0001-000b-0023-0017,c014|0302|http/1.1|ff01-0001-000b-0023-0010-0017,c030|0303|http/1.1|ff01-0001-000b-0023-0010-0017,c030|0303|http/1.1|ff01-0001-000b-0023-0010-0017,c030|0303|http/1.1|ff01-0001-000b-0023-0010-0017,c030|0303|http/1.1|ff01-0001-000b-0023-0010-0017
177.37.161.136,177.37.161.136,2ad2ad0002ad2ad22c2ad2ad2ad2adce7a321e4956e8298ba917e9f2c22849,c030|0303|http/1.1|ff01-0001-000b-0023-0010-0017,c030|0303|http/1.1|ff01-0001-000b-0023-0010-0017,|||,c030|0303||ff01-0001-000b-0023-0017,c030|0303||ff01-0001-000b-0023-0017,c014|0302|http/1.1|ff01-0001-000b-0023-0010-0017,c030|0303|http/1.1|ff01-0001-000b-0023-0010-0017,c030|0303|http/1.1|ff01-0001-000b-0023-0010-0017,c030|0303|http/1.1|ff01-0001-000b-0023-0010-0017,c030|0303|http/1.1|ff01-0001-000b-0023-0010-0017
186.159.5.177,186.159.5.177,2ad2ad0002ad2ad0002ad2ad2ad2ad04320b71a5a1a86999cfc20df5bd6320,c030|0303|http/1.1|ff01-0001-000b-0023-0010-0017,c030|0303|http/1.1|ff01-0001-000b-0023-0010-0017,|||,c030|0303||ff01-0001-000b-0023-0017,c030|0303||ff01-0001-000b-0023-0017,|||,c030|0303|http/1.1|ff01-0001-000b-0023-0010-0017,c030|0303|http/1.1|ff01-0001-000b-0023-0010-0017,c030|0303|http/1.1|ff01-0001-000b-0023-0010-0017,c030|0303|http/1.1|ff01-0001-000b-0023-0010-0017
182.253.100.150,182.253.100.150,2ad2ad0002ad2ad22c2ad2ad2ad2adce7a321e4956e8298ba917e9f2c22849,c030|0303|http/1.1|ff01-0001-000b-0023-0010-0017,c030|0303|http/1.1|ff01-0001-000b-0023-0010-0017,|||,c030|0303||ff01-0001-000b-0023-0017,c030|0303||ff01-0001-000b-0023-0017,c014|0302|http/1.1|ff01-0001-000b-0023-0010-0017,c030|0303|http/1.1|ff01-0001-000b-0023-0010-0017,c030|0303|http/1.1|ff01-0001-000b-0023-0010-0017,c030|0303|http/1.1|ff01-0001-000b-0023-0010-0017,c030|0303|http/1.1|ff01-0001-000b-0023-0010-0017
212.175.98.171,212.175.98.171,2ad2ad0002ad2ad22c2ad2ad2ad2adce7a321e4956e8298ba917e9f2c22849,c030|0303|http/1.1|ff01-0001-000b-0023-0010-0017,c030|0303|http/1.1|ff01-0001-000b-0023-0010-0017,|||,c030|0303||ff01-0001-000b-0023-0017,c030|0303||ff01-0001-000b-0023-0017,c014|0302|http/1.1|ff01-0001-000b-0023-0010-0017,c030|0303|http/1.1|ff01-0001-000b-0023-0010-0017,c030|0303|http/1.1|ff01-0001-000b-0023-0010-0017,c030|0303|http/1.1|ff01-0001-000b-0023-0010-0017,c030|0303|http/1.1|ff01-0001-000b-0023-0010-0017
117.54.140.98,117.54.140.98,2ad2ad0002ad2ad22c2ad2ad2ad2adce7a321e4956e8298ba917e9f2c22849,c030|0303|http/1.1|ff01-0001-000b-0023-0010-0017,c030|0303|http/1.1|ff01-0001-000b-0023-0010-0017,|||,c030|0303||ff01-0001-000b-0023-0017,c030|0303||ff01-0001-000b-0023-0017,c014|0302|http/1.1|ff01-0001-000b-0023-0010-0017,c030|0303|http/1.1|ff01-0001-000b-0023-0010-0017,c030|0303|http/1.1|ff01-0001-000b-0023-0010-0017,c030|0303|http/1.1|ff01-0001-000b-0023-0010-0017,c030|0303|http/1.1|ff01-0001-000b-0023-0010-0017
36.89.98.183,36.89.98.183,2ad2ad0002ad2ad22c2ad2ad2ad2adce7a321e4956e8298ba917e9f2c22849,c030|0303|http/1.1|ff01-0001-000b-0023-0010-0017,c030|0303|http/1.1|ff01-0001-000b-0023-0010-0017,|||,c030|0303||ff01-0001-000b-0023-0017,c030|0303||ff01-0001-000b-0023-0017,c014|0302|http/1.1|ff01-0001-000b-0023-0010-0017,c030|0303|http/1.1|ff01-0001-000b-0023-0010-0017,c030|0303|http/1.1|ff01-0001-000b-0023-0010-0017,c030|0303|http/1.1|ff01-0001-000b-0023-0010-0017,c030|0303|http/1.1|ff01-0001-000b-0023-0010-0017
190.109.169.161,190.109.169.161,22b22b00022b22b22b22b22b22b22bce7a321e4956e8298ba917e9f2c22849,c014|0301|http/1.1|ff01-0001-000b-0023-0010-0017,c014|0301|http/1.1|ff01-0001-000b-0023-0010-0017,|||,c014|0301||ff01-0001-000b-0023-0017,c014|0301||ff01-0001-000b-0023-0017,c014|0301|http/1.1|ff01-0001-000b-0023-0010-0017,c014|0301|http/1.1|ff01-0001-000b-0023-0010-0017,c014|0301|http/1.1|ff01-0001-000b-0023-0010-0017,c014|0301|http/1.1|ff01-0001-000b-0023-0010-0017,c014|0301|http/1.1|ff01-0001-000b-0023-0010-0017
181.129.251.109,181.129.251.109,2ad2ad0002ad2ad22c2ad2ad2ad2adce7a321e4956e8298ba917e9f2c22849,c030|0303|http/1.1|ff01-0001-000b-0023-0010-0017,c030|0303|http/1.1|ff01-0001-000b-0023-0010-0017,|||,c030|0303||ff01-0001-000b-0023-0017,c030|0303||ff01-0001-000b-0023-0017,c014|0302|http/1.1|ff01-0001-000b-0023-0010-0017,c030|0303|http/1.1|ff01-0001-000b-0023-0010-0017,c030|0303|http/1.1|ff01-0001-000b-0023-0010-0017,c030|0303|http/1.1|ff01-0001-000b-0023-0010-0017,c030|0303|http/1.1|ff01-0001-000b-0023-0010-0017
181.113.63.86,181.113.63.86,2ad2ad0002ad2ad22c2ad2ad2ad2adce7a321e4956e8298ba917e9f2c22849,c030|0303|http/1.1|ff01-0001-000b-0023-0010-0017,c030|0303|http/1.1|ff01-0001-000b-0023-0010-0017,|||,c030|0303||ff01-0001-000b-0023-0017,c030|0303||ff01-0001-000b-0023-0017,c014|0302|http/1.1|ff01-0001-000b-0023-0010-0017,c030|0303|http/1.1|ff01-0001-000b-0023-0010-0017,c030|0303|http/1.1|ff01-0001-000b-0023-0010-0017,c030|0303|http/1.1|ff01-0001-000b-0023-0010-0017,c030|0303|http/1.1|ff01-0001-000b-0023-0010-0017
96.9.77.56,96.9.77.56,22b22b00022b22b22b22b22b22b22bc2ddcfd203d071c45b4b0ffe3d7b4b89,c014|0301|http/1.1|ff01-0000-0001-000b-0023-0010-0017,c014|0301|http/1.1|ff01-0000-0001-000b-0023-0010-0017,|||,c014|0301||ff01-0000-0001-000b-0023-0017,c014|0301||ff01-0000-0001-000b-0023-0017,c014|0301|http/1.1|ff01-0000-0001-000b-0023-0010-0017,c014|0301|http/1.1|ff01-0000-0001-000b-0023-0010-0017,c014|0301|http/1.1|ff01-0000-0001-000b-0023-0010-0017,c014|0301|http/1.1|ff01-0000-0001-000b-0023-0010-0017,c014|0301|http/1.1|ff01-0000-0001-000b-0023-0010-0017
184.74.99.214,184.74.99.214,2ad2ad0002ad2ad0002ad2ad2ad2ad04320b71a5a1a86999cfc20df5bd6320,c030|0303|http/1.1|ff01-0001-000b-0023-0010-0017,c030|0303|http/1.1|ff01-0001-000b-0023-0010-0017,|||,c030|0303||ff01-0001-000b-0023-0017,c030|0303||ff01-0001-000b-0023-0017,|||,c030|0303|http/1.1|ff01-0001-000b-0023-0010-0017,c030|0303|http/1.1|ff01-0001-000b-0023-0010-0017,c030|0303|http/1.1|ff01-0001-000b-0023-0010-0017,c030|0303|http/1.1|ff01-0001-000b-0023-0010-0017
117.220.229.162,117.220.229.162,2ad2ad0002ad2ad22c2ad2ad2ad2adce7a321e4956e8298ba917e9f2c22849,c030|0303|http/1.1|ff01-0001-000b-0023-0010-0017,c030|0303|http/1.1|ff01-0001-000b-0023-0010-0017,|||,c030|0303||ff01-0001-000b-0023-0017,c030|0303||ff01-0001-000b-0023-0017,c014|0302|http/1.1|ff01-0001-000b-0023-0010-0017,c030|0303|http/1.1|ff01-0001-000b-0023-0010-0017,c030|0303|http/1.1|ff01-0001-000b-0023-0010-0017,c030|0303|http/1.1|ff01-0001-000b-0023-0010-0017,c030|0303|http/1.1|ff01-0001-000b-0023-0010-0017
49.156.39.150,49.156.39.150,2ad2ad0002ad2ad22c2ad2ad2ad2adce7a321e4956e8298ba917e9f2c22849,c030|0303|http/1.1|ff01-0001-000b-0023-0010-0017,c030|0303|http/1.1|ff01-0001-000b-0023-0010-0017,|||,c030|0303||ff01-0001-000b-0023-0017,c030|0303||ff01-0001-000b-0023-0017,c014|0302|http/1.1|ff01-0001-000b-0023-0010-0017,c030|0303|http/1.1|ff01-0001-000b-0023-0010-0017,c030|0303|http/1.1|ff01-0001-000b-0023-0010-0017,c030|0303|http/1.1|ff01-0001-000b-0023-0010-0017,c030|0303|http/1.1|ff01-0001-000b-0023-0010-0017
181.49.135.242,181.49.135.242,2ad2ad0002ad2ad22c2ad2ad2ad2adce7a321e4956e8298ba917e9f2c22849,c030|0303|http/1.1|ff01-0001-000b-0023-0010-0017,c030|0303|http/1.1|ff01-0001-000b-0023-0010-0017,|||,c030|0303||ff01-0001-000b-0023-0017,c030|0303||ff01-0001-000b-0023-0017,c014|0302|http/1.1|ff01-0001-000b-0023-0010-0017,c030|0303|http/1.1|ff01-0001-000b-0023-0010-0017,c030|0303|http/1.1|ff01-0001-000b-0023-0010-0017,c030|0303|http/1.1|ff01-0001-000b-0023-0010-0017,c030|0303|http/1.1|ff01-0001-000b-0023-0010-0017
103.77.205.102,103.77.205.102,2ad2ad0002ad2ad22c2ad2ad2ad2adce7a321e4956e8298ba917e9f2c22849,c030|0303|http/1.1|ff01-0001-000b-0023-0010-0017,c030|0303|http/1.1|ff01-0001-000b-0023-0010-0017,|||,c030|0303||ff01-0001-000b-0023-0017,c030|0303||ff01-0001-000b-0023-0017,c014|0302|http/1.1|ff01-0001-000b-0023-0010-0017,c030|0303|http/1.1|ff01-0001-000b-0023-0010-0017,c030|0303|http/1.1|ff01-0001-000b-0023-0010-0017,c030|0303|http/1.1|ff01-0001-000b-0023-0010-0017,c030|0303|http/1.1|ff01-0001-000b-0023-0010-0017
103.36.79.3,103.36.79.3,22b22b00022b22b22b22b22b22b22bce7a321e4956e8298ba917e9f2c22849,c014|0301|http/1.1|ff01-0001-000b-0023-0010-0017,c014|0301|http/1.1|ff01-0001-000b-0023-0010-0017,|||,c014|0301||ff01-0001-000b-0023-0017,c014|0301||ff01-0001-000b-0023-0017,c014|0301|http/1.1|ff01-0001-000b-0023-0010-0017,c014|0301|http/1.1|ff01-0001-000b-0023-0010-0017,c014|0301|http/1.1|ff01-0001-000b-0023-0010-0017,c014|0301|http/1.1|ff01-0001-000b-0023-0010-0017,c014|0301|http/1.1|ff01-0001-000b-0023-0010-0017
200.7.198.138,200.7.198.138,22b22b00022b22b22b22b22b22b22bce7a321e4956e8298ba917e9f2c22849,c014|0301|http/1.1|ff01-0001-000b-0023-0010-0017,c014|0301|http/1.1|ff01-0001-000b-0023-0010-0017,|||,c014|0301||ff01-0001-000b-0023-0017,c014|0301||ff01-0001-000b-0023-0017,c014|0301|http/1.1|ff01-0001-000b-0023-0010-0017,c014|0301|http/1.1|ff01-0001-000b-0023-0010-0017,c014|0301|http/1.1|ff01-0001-000b-0023-0010-0017,c014|0301|http/1.1|ff01-0001-000b-0023-0010-0017,c014|0301|http/1.1|ff01-0001-000b-0023-0010-0017
177.75.5.222,177.75.5.222,2ad2ad0002ad2ad22c2ad2ad2ad2adce7a321e4956e8298ba917e9f2c22849,c030|0303|http/1.1|ff01-0001-000b-0023-0010-0017,c030|0303|http/1.1|ff01-0001-000b-0023-0010-0017,|||,c030|0303||ff01-0001-000b-0023-0017,c030|0303||ff01-0001-000b-0023-0017,c014|0302|http/1.1|ff01-0001-000b-0023-0010-0017,c030|0303|http/1.1|ff01-0001-000b-0023-0010-0017,c030|0303|http/1.1|ff01-0001-000b-0023-0010-0017,c030|0303|http/1.1|ff01-0001-000b-0023-0010-0017,c030|0303|http/1.1|ff01-0001-000b-0023-0010-0017
36.37.99.242,36.37.99.242,22b22b00022b22b22b22b22b22b22bc2ddcfd203d071c45b4b0ffe3d7b4b89,c014|0301|http/1.1|ff01-0000-0001-000b-0023-0010-0017,c014|0301|http/1.1|ff01-0000-0001-000b-0023-0010-0017,|||,c014|0301||ff01-0000-0001-000b-0023-0017,c014|0301||ff01-0000-0001-000b-0023-0017,c014|0301|http/1.1|ff01-0000-0001-000b-0023-0010-0017,c014|0301|http/1.1|ff01-0000-0001-000b-0023-0010-0017,c014|0301|http/1.1|ff01-0000-0001-000b-0023-0010-0017,c014|0301|http/1.1|ff01-0000-0001-000b-0023-0010-0017,c014|0301|http/1.1|ff01-0000-0001-000b-0023-0010-0017
186.47.75.58,186.47.75.58,2ad2ad0002ad2ad0002ad2ad2ad2ad04320b71a5a1a86999cfc20df5bd6320,c030|0303|http/1.1|ff01-0001-000b-0023-0010-0017,c030|0303|http/1.1|ff01-0001-000b-0023-0010-0017,|||,c030|0303||ff01-0001-000b-0023-0017,c030|0303||ff01-0001-000b-0023-0017,|||,c030|0303|http/1.1|ff01-0001-000b-0023-0010-0017,c030|0303|http/1.1|ff01-0001-000b-0023-0010-0017,c030|0303|http/1.1|ff01-0001-000b-0023-0010-0017,c030|0303|http/1.1|ff01-0001-000b-0023-0010-0017
177.87.0.7,177.87.0.7,2ad2ad0002ad2ad22c2ad2ad2ad2adce7a321e4956e8298ba917e9f2c22849,c030|0303|http/1.1|ff01-0001-000b-0023-0010-0017,c030|0303|http/1.1|ff01-0001-000b-0023-0010-0017,|||,c030|0303||ff01-0001-000b-0023-0017,c030|0303||ff01-0001-000b-0023-0017,c014|0302|http/1.1|ff01-0001-000b-0023-0010-0017,c030|0303|http/1.1|ff01-0001-000b-0023-0010-0017,c030|0303|http/1.1|ff01-0001-000b-0023-0010-0017,c030|0303|http/1.1|ff01-0001-000b-0023-0010-0017,c030|0303|http/1.1|ff01-0001-000b-0023-0010-0017
103.164.180.66,103.164.180.66,2ad2ad0002ad2ad22c2ad2ad2ad2adce7a321e4956e8298ba917e9f2c22849,c030|0303|http/1.1|ff01-0001-000b-0023-0010-0017,c030|0303|http/1.1|ff01-0001-000b-0023-0010-0017,|||,c030|0303||ff01-0001-000b-0023-0017,c030|0303||ff01-0001-000b-0023-0017,c014|0302|http/1.1|ff01-0001-000b-0023-0010-0017,c030|0303|http/1.1|ff01-0001-000b-0023-0010-0017,c030|0303|http/1.1|ff01-0001-000b-0023-0010-0017,c030|0303|http/1.1|ff01-0001-000b-0023-0010-0017,c030|0303|http/1.1|ff01-0001-000b-0023-0010-0017
61.19.116.53,61.19.116.53,2ad2ad0002ad2ad22c2ad2ad2ad2adce7a321e4956e8298ba917e9f2c22849,c030|0303|http/1.1|ff01-0001-000b-0023-0010-0017,c030|0303|http/1.1|ff01-0001-000b-0023-0010-0017,|||,c030|0303||ff01-0001-000b-0023-0017,c030|0303||ff01-0001-000b-0023-0017,c014|0302|http/1.1|ff01-0001-000b-0023-0010-0017,c030|0303|http/1.1|ff01-0001-000b-0023-0010-0017,c030|0303|http/1.1|ff01-0001-000b-0023-0010-0017,c030|0303|http/1.1|ff01-0001-000b-0023-0010-0017,c030|0303|http/1.1|ff01-0001-000b-0023-0010-0017
181.196.148.202,181.196.148.202,2ad2ad0002ad2ad0002ad2ad2ad2ad04320b71a5a1a86999cfc20df5bd6320,c030|0303|http/1.1|ff01-0001-000b-0023-0010-0017,c030|0303|http/1.1|ff01-0001-000b-0023-0010-0017,|||,c030|0303||ff01-0001-000b-0023-0017,c030|0303||ff01-0001-000b-0023-0017,|||,c030|0303|http/1.1|ff01-0001-000b-0023-0010-0017,c030|0303|http/1.1|ff01-0001-000b-0023-0010-0017,c030|0303|http/1.1|ff01-0001-000b-0023-0010-0017,c030|0303|http/1.1|ff01-0001-000b-0023-0010-0017
186.42.212.30,186.42.212.30,2ad2ad0002ad2ad0002ad2ad2ad2ad04320b71a5a1a86999cfc20df5bd6320,c030|0303|http/1.1|ff01-0001-000b-0023-0010-0017,c030|0303|http/1.1|ff01-0001-000b-0023-0010-0017,|||,c030|0303||ff01-0001-000b-0023-0017,c030|0303||ff01-0001-000b-0023-0017,|||,c030|0303|http/1.1|ff01-0001-000b-0023-0010-0017,c030|0303|http/1.1|ff01-0001-000b-0023-0010-0017,c030|0303|http/1.1|ff01-0001-000b-0023-0010-0017,c030|0303|http/1.1|ff01-0001-000b-0023-0010-0017
85.88.174.94,85.88.174.94,2ad2ad0002ad2ad22c2ad2ad2ad2adce7a321e4956e8298ba917e9f2c22849,c030|0303|http/1.1|ff01-0001-000b-0023-0010-0017,c030|0303|http/1.1|ff01-0001-000b-0023-0010-0017,|||,c030|0303||ff01-0001-000b-0023-0017,c030|0303||ff01-0001-000b-0023-0017,c014|0302|http/1.1|ff01-0001-000b-0023-0010-0017,c030|0303|http/1.1|ff01-0001-000b-0023-0010-0017,c030|0303|http/1.1|ff01-0001-000b-0023-0010-0017,c030|0303|http/1.1|ff01-0001-000b-0023-0010-0017,c030|0303|http/1.1|ff01-0001-000b-0023-0010-0017
181.129.167.82,181.129.167.82,2ad2ad0002ad2ad22c2ad2ad2ad2adce7a321e4956e8298ba917e9f2c22849,c030|0303|http/1.1|ff01-0001-000b-0023-0010-0017,c030|0303|http/1.1|ff01-0001-000b-0023-0010-0017,|||,c030|0303||ff01-0001-000b-0023-0017,c030|0303||ff01-0001-000b-0023-0017,c014|0302|http/1.1|ff01-0001-000b-0023-0010-0017,c030|0303|http/1.1|ff01-0001-000b-0023-0010-0017,c030|0303|http/1.1|ff01-0001-000b-0023-0010-0017,c030|0303|http/1.1|ff01-0001-000b-0023-0010-0017,c030|0303|http/1.1|ff01-0001-000b-0023-0010-0017
111.235.66.83,111.235.66.83,2ad2ad0002ad2ad22c2ad2ad2ad2adce7a321e4956e8298ba917e9f2c22849,c030|0303|http/1.1|ff01-0001-000b-0023-0010-0017,c030|0303|http/1.1|ff01-0001-000b-0023-0010-0017,|||,c030|0303||ff01-0001-000b-0023-0017,c030|0303||ff01-0001-000b-0023-0017,c014|0302|http/1.1|ff01-0001-000b-0023-0010-0017,c030|0303|http/1.1|ff01-0001-000b-0023-0010-0017,c030|0303|http/1.1|ff01-0001-000b-0023-0010-0017,c030|0303|http/1.1|ff01-0001-000b-0023-0010-0017,c030|0303|http/1.1|ff01-0001-000b-0023-0010-0017
136.228.128.21,136.228.128.21,22b22b00022b22b22b22b22b22b22bc2ddcfd203d071c45b4b0ffe3d7b4b89,c014|0301|http/1.1|ff01-0000-0001-000b-0023-0010-0017,c014|0301|http/1.1|ff01-0000-0001-000b-0023-0010-0017,|||,c014|0301||ff01-0000-0001-000b-0023-0017,c014|0301||ff01-0000-0001-000b-0023-0017,c014|0301|http/1.1|ff01-0000-0001-000b-0023-0010-0017,c014|0301|http/1.1|ff01-0000-0001-000b-0023-0010-0017,c014|0301|http/1.1|ff01-0000-0001-000b-0023-0010-0017,c014|0301|http/1.1|ff01-0000-0001-000b-0023-0010-0017,c014|0301|http/1.1|ff01-0000-0001-000b-0023-0010-0017
36.92.59.93,36.92.59.93,2ad2ad0002ad2ad22c2ad2ad2ad2adce7a321e4956e8298ba917e9f2c22849,c030|0303|http/1.1|ff01-0001-000b-0023-0010-0017,c030|0303|http/1.1|ff01-0001-000b-0023-0010-0017,|||,c030|0303||ff01-0001-000b-0023-0017,c030|0303||ff01-0001-000b-0023-0017,c014|0302|http/1.1|ff01-0001-000b-0023-0010-0017,c030|0303|http/1.1|ff01-0001-000b-0023-0010-0017,c030|0303|http/1.1|ff01-0001-000b-0023-0010-0017,c030|0303|http/1.1|ff01-0001-000b-0023-0010-0017,c030|0303|http/1.1|ff01-0001-000b-0023-0010-0017
128.201.76.252,128.201.76.252,2ad2ad0002ad2ad0002ad2ad2ad2ad04320b71a5a1a86999cfc20df5bd6320,c030|0303|http/1.1|ff01-0001-000b-0023-0010-0017,c030|0303|http/1.1|ff01-0001-000b-0023-0010-0017,|||,c030|0303||ff01-0001-000b-0023-0017,c030|0303||ff01-0001-000b-0023-0017,|||,c030|0303|http/1.1|ff01-0001-000b-0023-0010-0017,c030|0303|http/1.1|ff01-0001-000b-0023-0010-0017,c030|0303|http/1.1|ff01-0001-000b-0023-0010-0017,c030|0303|http/1.1|ff01-0001-000b-0023-0010-0017
203.173.94.162,203.173.94.162,2ad2ad0002ad2ad22c2ad2ad2ad2adce7a321e4956e8298ba917e9f2c22849,c030|0303|http/1.1|ff01-0001-000b-0023-0010-0017,c030|0303|http/1.1|ff01-0001-000b-0023-0010-0017,|||,c030|0303||ff01-0001-000b-0023-0017,c030|0303||ff01-0001-000b-0023-0017,c014|0302|http/1.1|ff01-0001-000b-0023-0010-0017,c030|0303|http/1.1|ff01-0001-000b-0023-0010-0017,c030|0303|http/1.1|ff01-0001-000b-0023-0010-0017,c030|0303|http/1.1|ff01-0001-000b-0023-0010-0017,c030|0303|http/1.1|ff01-0001-000b-0023-0010-0017
200.83.98.31,200.83.98.31,2ad2ad0002ad2ad22c2ad2ad2ad2adce7a321e4956e8298ba917e9f2c22849,c030|0303|http/1.1|ff01-0001-000b-0023-0010-0017,c030|0303|http/1.1|ff01-0001-000b-0023-0010-0017,|||,c030|0303||ff01-0001-000b-0023-0017,c030|0303||ff01-0001-000b-0023-0017,c014|0302|http/1.1|ff01-0001-000b-0023-0010-0017,c030|0303|http/1.1|ff01-0001-000b-0023-0010-0017,c030|0303|http/1.1|ff01-0001-000b-0023-0010-0017,c030|0303|http/1.1|ff01-0001-000b-0023-0010-0017,c030|0303|http/1.1|ff01-0001-000b-0023-0010-0017
36.67.109.15,36.67.109.15,2ad2ad0002ad2ad22c2ad2ad2ad2adce7a321e4956e8298ba917e9f2c22849,c030|0303|http/1.1|ff01-0001-000b-0023-0010-0017,c030|0303|http/1.1|ff01-0001-000b-0023-0010-0017,|||,c030|0303||ff01-0001-000b-0023-0017,c030|0303||ff01-0001-000b-0023-0017,c014|0302|http/1.1|ff01-0001-000b-0023-0010-0017,c030|0303|http/1.1|ff01-0001-000b-0023-0010-0017,c030|0303|http/1.1|ff01-0001-000b-0023-0010-0017,c030|0303|http/1.1|ff01-0001-000b-0023-0010-0017,c030|0303|http/1.1|ff01-0001-000b-0023-0010-0017
190.214.21.14,190.214.21.14,2ad2ad0002ad2ad0002ad2ad2ad2ad04320b71a5a1a86999cfc20df5bd6320,c030|0303|http/1.1|ff01-0001-000b-0023-0010-0017,c030|0303|http/1.1|ff01-0001-000b-0023-0010-0017,|||,c030|0303||ff01-0001-000b-0023-0017,c030|0303||ff01-0001-000b-0023-0017,|||,c030|0303|http/1.1|ff01-0001-000b-0023-0010-0017,c030|0303|http/1.1|ff01-0001-000b-0023-0010-0017,c030|0303|http/1.1|ff01-0001-000b-0023-0010-0017,c030|0303|http/1.1|ff01-0001-000b-0023-0010-0017
5.34.74.210,5.34.74.210,2ad2ad0002ad2ad22c2ad2ad2ad2adce7a321e4956e8298ba917e9f2c22849,c030|0303|http/1.1|ff01-0001-000b-0023-0010-0017,c030|0303|http/1.1|ff01-0001-000b-0023-0010-0017,|||,c030|0303||ff01-0001-000b-0023-0017,c030|0303||ff01-0001-000b-0023-0017,c014|0302|http/1.1|ff01-0001-000b-0023-0010-0017,c030|0303|http/1.1|ff01-0001-000b-0023-0010-0017,c030|0303|http/1.1|ff01-0001-000b-0023-0010-0017,c030|0303|http/1.1|ff01-0001-000b-0023-0010-0017,c030|0303|http/1.1|ff01-0001-000b-0023-0010-0017
187.19.167.233,187.19.167.233,22b22b00022b22b22b22b22b22b22bc2ddcfd203d071c45b4b0ffe3d7b4b89,c014|0301|http/1.1|ff01-0000-0001-000b-0023-0010-0017,c014|0301|http/1.1|ff01-0000-0001-000b-0023-0010-0017,|||,c014|0301||ff01-0000-0001-000b-0023-0017,c014|0301||ff01-0000-0001-000b-0023-0017,c014|0301|http/1.1|ff01-0000-0001-000b-0023-0010-0017,c014|0301|http/1.1|ff01-0000-0001-000b-0023-0010-0017,c014|0301|http/1.1|ff01-0000-0001-000b-0023-0010-0017,c014|0301|http/1.1|ff01-0000-0001-000b-0023-0010-0017,c014|0301|http/1.1|ff01-0000-0001-000b-0023-0010-0017
144.48.139.206,144.48.139.206,22b22b00022b22b22b22b22b22b22bc2ddcfd203d071c45b4b0ffe3d7b4b89,c014|0301|http/1.1|ff01-0000-0001-000b-0023-0010-0017,c014|0301|http/1.1|ff01-0000-0001-000b-0023-0010-0017,|||,c014|0301||ff01-0000-0001-000b-0023-0017,c014|0301||ff01-0000-0001-000b-0023-0017,c014|0301|http/1.1|ff01-0000-0001-000b-0023-0010-0017,c014|0301|http/1.1|ff01-0000-0001-000b-0023-0010-0017,c014|0301|http/1.1|ff01-0000-0001-000b-0023-0010-0017,c014|0301|http/1.1|ff01-0000-0001-000b-0023-0010-0017,c014|0301|http/1.1|ff01-0000-0001-000b-0023-0010-0017
94.28.78.200,94.28.78.200,2ad2ad0002ad2ad22c2ad2ad2ad2adce7a321e4956e8298ba917e9f2c22849,c030|0303|http/1.1|ff01-0001-000b-0023-0010-0017,c030|0303|http/1.1|ff01-0001-000b-0023-0010-0017,|||,c030|0303||ff01-0001-000b-0023-0017,c030|0303||ff01-0001-000b-0023-0017,c014|0302|http/1.1|ff01-0001-000b-0023-0010-0017,c030|0303|http/1.1|ff01-0001-000b-0023-0010-0017,c030|0303|http/1.1|ff01-0001-000b-0023-0010-0017,c030|0303|http/1.1|ff01-0001-000b-0023-0010-0017,c030|0303|http/1.1|ff01-0001-000b-0023-0010-0017
136.228.129.179,136.228.129.179,2ad2ad0002ad2ad22c2ad2ad2ad2adce7a321e4956e8298ba917e9f2c22849,c030|0303|http/1.1|ff01-0001-000b-0023-0010-0017,c030|0303|http/1.1|ff01-0001-000b-0023-0010-0017,|||,c030|0303||ff01-0001-000b-0023-0017,c030|0303||ff01-0001-000b-0023-0017,c014|0302|http/1.1|ff01-0001-000b-0023-0010-0017,c030|0303|http/1.1|ff01-0001-000b-0023-0010-0017,c030|0303|http/1.1|ff01-0001-000b-0023-0010-0017,c030|0303|http/1.1|ff01-0001-000b-0023-0010-0017,c030|0303|http/1.1|ff01-0001-000b-0023-0010-0017
154.79.251.172,154.79.251.172,2ad2ad0002ad2ad22c2ad2ad2ad2adce7a321e4956e8298ba917e9f2c22849,c030|0303|http/1.1|ff01-0001-000b-0023-0010-0017,c030|0303|http/1.1|ff01-0001-000b-0023-0010-0017,|||,c030|0303||ff01-0001-000b-0023-0017,c030|0303||ff01-0001-000b-0023-0017,c014|0302|http/1.1|ff01-0001-000b-0023-0010-0017,c030|0303|http/1.1|ff01-0001-000b-0023-0010-0017,c030|0303|http/1.1|ff01-0001-000b-0023-0010-0017,c030|0303|http/1.1|ff01-0001-000b-0023-0010-0017,c030|0303|http/1.1|ff01-0001-000b-0023-0010-0017
181.176.174.139,181.176.174.139,22b22b00022b22b22b22b22b22b22bce7a321e4956e8298ba917e9f2c22849,c014|0301|http/1.1|ff01-0001-000b-0023-0010-0017,c014|0301|http/1.1|ff01-0001-000b-0023-0010-0017,|||,c014|0301||ff01-0001-000b-0023-0017,c014|0301||ff01-0001-000b-0023-0017,c014|0301|http/1.1|ff01-0001-000b-0023-0010-0017,c014|0301|http/1.1|ff01-0001-000b-0023-0010-0017,c014|0301|http/1.1|ff01-0001-000b-0023-0010-0017,c014|0301|http/1.1|ff01-0001-000b-0023-0010-0017,c014|0301|http/1.1|ff01-0001-000b-0023-0010-0017
186.121.214.106,186.121.214.106,22b22b00022b22b22b22b22b22b22bce7a321e4956e8298ba917e9f2c22849,c014|0301|http/1.1|ff01-0001-000b-0023-0010-0017,c014|0301|http/1.1|ff01-0001-000b-0023-0010-0017,|||,c014|0301||ff01-0001-000b-0023-0017,c014|0301||ff01-0001-000b-0023-0017,c014|0301|http/1.1|ff01-0001-000b-0023-0010-0017,c014|0301|http/1.1|ff01-0001-000b-0023-0010-0017,c014|0301|http/1.1|ff01-0001-000b-0023-0010-0017,c014|0301|http/1.1|ff01-0001-000b-0023-0010-0017,c014|0301|http/1.1|ff01-0001-000b-0023-0010-0017
36.95.110.19,36.95.110.19,2ad2ad0002ad2ad22c2ad2ad2ad2adce7a321e4956e8298ba917e9f2c22849,c030|0303|http/1.1|ff01-0001-000b-0023-0010-0017,c030|0303|http/1.1|ff01-0001-000b-0023-0010-0017,|||,c030|0303||ff01-0001-000b-0023-0017,c030|0303||ff01-0001-000b-0023-0017,c014|0302|http/1.1|ff01-0001-000b-0023-0010-0017,c030|0303|http/1.1|ff01-0001-000b-0023-0010-0017,c030|0303|http/1.1|ff01-0001-000b-0023-0010-0017,c030|0303|http/1.1|ff01-0001-000b-0023-0010-0017,c030|0303|http/1.1|ff01-0001-000b-0023-0010-0017
41.175.22.226,41.175.22.226,22b22b00022b22b22b22b22b22b22bce7a321e4956e8298ba917e9f2c22849,c014|0301|http/1.1|ff01-0001-000b-0023-0010-0017,c014|0301|http/1.1|ff01-0001-000b-0023-0010-0017,|||,c014|0301||ff01-0001-000b-0023-0017,c014|0301||ff01-0001-000b-0023-0017,c014|0301|http/1.1|ff01-0001-000b-0023-0010-0017,c014|0301|http/1.1|ff01-0001-000b-0023-0010-0017,c014|0301|http/1.1|ff01-0001-000b-0023-0010-0017,c014|0301|http/1.1|ff01-0001-000b-0023-0010-0017,c014|0301|http/1.1|ff01-0001-000b-0023-0010-0017
200.105.199.234,200.105.199.234,2ad2ad0002ad2ad22c2ad2ad2ad2adce7a321e4956e8298ba917e9f2c22849,c030|0303|http/1.1|ff01-0001-000b-0023-0010-0017,c030|0303|http/1.1|ff01-0001-000b-0023-0010-0017,|||,c030|0303||ff01-0001-000b-0023-0017,c030|0303||ff01-0001-000b-0023-0017,c014|0302|http/1.1|ff01-0001-000b-0023-0010-0017,c030|0303|http/1.1|ff01-0001-000b-0023-0010-0017,c030|0303|http/1.1|ff01-0001-000b-0023-0010-0017,c030|0303|http/1.1|ff01-0001-000b-0023-0010-0017,c030|0303|http/1.1|ff01-0001-000b-0023-0010-0017
103.36.126.221,103.36.126.221,2ad2ad0002ad2ad22c2ad2ad2ad2adce7a321e4956e8298ba917e9f2c22849,c030|0303|http/1.1|ff01-0001-000b-0023-0010-0017,c030|0303|http/1.1|ff01-0001-000b-0023-0010-0017,|||,c030|0303||ff01-0001-000b-0023-0017,c030|0303||ff01-0001-000b-0023-0017,c014|0302|http/1.1|ff01-0001-000b-0023-0010-0017,c030|0303|http/1.1|ff01-0001-000b-0023-0010-0017,c030|0303|http/1.1|ff01-0001-000b-0023-0010-0017,c030|0303|http/1.1|ff01-0001-000b-0023-0010-0017,c030|0303|http/1.1|ff01-0001-000b-0023-0010-0017
154.79.244.182,154.79.244.182,22b22b00022b22b22b22b22b22b22bc2ddcfd203d071c45b4b0ffe3d7b4b89,c014|0301|http/1.1|ff01-0000-0001-000b-0023-0010-0017,c014|0301|http/1.1|ff01-0000-0001-000b-0023-0010-0017,|||,c014|0301||ff01-0000-0001-000b-0023-0017,c014|0301||ff01-0000-0001-000b-0023-0017,c014|0301|http/1.1|ff01-0000-0001-000b-0023-0010-0017,c014|0301|http/1.1|ff01-0000-0001-000b-0023-0010-0017,c014|0301|http/1.1|ff01-0000-0001-000b-0023-0010-0017,c014|0301|http/1.1|ff01-0000-0001-000b-0023-0010-0017,c014|0301|http/1.1|ff01-0000-0001-000b-0023-0010-0017
182.253.106.35,182.253.106.35,2ad2ad0002ad2ad22c2ad2ad2ad2adce7a321e4956e8298ba917e9f2c22849,c030|0303|http/1.1|ff01-0001-000b-0023-0010-0017,c030|0303|http/1.1|ff01-0001-000b-0023-0010-0017,|||,c030|0303||ff01-0001-000b-0023-0017,c030|0303||ff01-0001-000b-0023-0017,c014|0302|http/1.1|ff01-0001-000b-0023-0010-0017,c030|0303|http/1.1|ff01-0001-000b-0023-0010-0017,c030|0303|http/1.1|ff01-0001-000b-0023-0010-0017,c030|0303|http/1.1|ff01-0001-000b-0023-0010-0017,c030|0303|http/1.1|ff01-0001-000b-0023-0010-0017
187.108.32.133,187.108.32.133,2ad2ad0002ad2ad0002ad2ad2ad2ad04320b71a5a1a86999cfc20df5bd6320,c030|0303|http/1.1|ff01-0001-000b-0023-0010-0017,c030|0303|http/1.1|ff01-0001-000b-0023-0010-0017,|||,c030|0303||ff01-0001-000b-0023-0017,c030|0303||ff01-0001-000b-0023-0017,|||,c030|0303|http/1.1|ff01-0001-000b-0023-0010-0017,c030|0303|http/1.1|ff01-0001-000b-0023-0010-0017,c030|0303|http/1.1|ff01-0001-000b-0023-0010-0017,c030|0303|http/1.1|ff01-0001-000b-0023-0010-0017
36.91.36.29,36.91.36.29,22b22b00022b22b22b22b22b22b22bc2ddcfd203d071c45b4b0ffe3d7b4b89,c014|0301|http/1.1|ff01-0000-0001-000b-0023-0010-0017,c014|0301|http/1.1|ff01-0000-0001-000b-0023-0010-0017,|||,c014|0301||ff01-0000-0001-000b-0023-0017,c014|0301||ff01-0000-0001-000b-0023-0017,c014|0301|http/1.1|ff01-0000-0001-000b-0023-0010-0017,c014|0301|http/1.1|ff01-0000-0001-000b-0023-0010-0017,c014|0301|http/1.1|ff01-0000-0001-000b-0023-0010-0017,c014|0301|http/1.1|ff01-0000-0001-000b-0023-0010-0017,c014|0301|http/1.1|ff01-0000-0001-000b-0023-0010-0017
186.194.119.205,186.194.119.205,2ad2ad0002ad2ad22c2ad2ad2ad2adce7a321e4956e8298ba917e9f2c22849,c030|0303|http/1.1|ff01-0001-000b-0023-0010-0017,c030|0303|http/1.1|ff01-0001-000b-0023-0010-0017,|||,c030|0303||ff01-0001-000b-0023-0017,c030|0303||ff01-0001-000b-0023-0017,c014|0302|http/1.1|ff01-0001-000b-0023-0010-0017,c030|0303|http/1.1|ff01-0001-000b-0023-0010-0017,c030|0303|http/1.1|ff01-0001-000b-0023-0010-0017,c030|0303|http/1.1|ff01-0001-000b-0023-0010-0017,c030|0303|http/1.1|ff01-0001-000b-0023-0010-0017
103.73.102.174,103.73.102.174,2ad2ad0002ad2ad22c2ad2ad2ad2adce7a321e4956e8298ba917e9f2c22849,c030|0303|http/1.1|ff01-0001-000b-0023-0010-0017,c030|0303|http/1.1|ff01-0001-000b-0023-0010-0017,|||,c030|0303||ff01-0001-000b-0023-0017,c030|0303||ff01-0001-000b-0023-0017,c014|0302|http/1.1|ff01-0001-000b-0023-0010-0017,c030|0303|http/1.1|ff01-0001-000b-0023-0010-0017,c030|0303|http/1.1|ff01-0001-000b-0023-0010-0017,c030|0303|http/1.1|ff01-0001-000b-0023-0010-0017,c030|0303|http/1.1|ff01-0001-000b-0023-0010-0017
138.36.1.137,138.36.1.137,2ad2ad0002ad2ad22c2ad2ad2ad2adce7a321e4956e8298ba917e9f2c22849,c030|0303|http/1.1|ff01-0001-000b-0023-0010-0017,c030|0303|http/1.1|ff01-0001-000b-0023-0010-0017,|||,c030|0303||ff01-0001-000b-0023-0017,c030|0303||ff01-0001-000b-0023-0017,c014|0302|http/1.1|ff01-0001-000b-0023-0010-0017,c030|0303|http/1.1|ff01-0001-000b-0023-0010-0017,c030|0303|http/1.1|ff01-0001-000b-0023-0010-0017,c030|0303|http/1.1|ff01-0001-000b-0023-0010-0017,c030|0303|http/1.1|ff01-0001-000b-0023-0010-0017
14.102.188.227,14.102.188.227,2ad2ad0002ad2ad22c2ad2ad2ad2adce7a321e4956e8298ba917e9f2c22849,c030|0303|http/1.1|ff01-0001-000b-0023-0010-0017,c030|0303|http/1.1|ff01-0001-000b-0023-0010-0017,|||,c030|0303||ff01-0001-000b-0023-0017,c030|0303||ff01-0001-000b-0023-0017,c014|0302|http/1.1|ff01-0001-000b-0023-0010-0017,c030|0303|http/1.1|ff01-0001-000b-0023-0010-0017,c030|0303|http/1.1|ff01-0001-000b-0023-0010-0017,c030|0303|http/1.1|ff01-0001-000b-0023-0010-0017,c030|0303|http/1.1|ff01-0001-000b-0023-0010-0017
103.52.135.61,103.52.135.61,2ad2ad0002ad2ad22c2ad2ad2ad2adce7a321e4956e8298ba917e9f2c22849,c030|0303|http/1.1|ff01-0001-000b-0023-0010-0017,c030|0303|http/1.1|ff01-0001-000b-0023-0010-0017,|||,c030|0303||ff01-0001-000b-0023-0017,c030|0303||ff01-0001-000b-0023-0017,c014|0302|http/1.1|ff01-0001-000b-0023-0010-0017,c030|0303|http/1.1|ff01-0001-000b-0023-0010-0017,c030|0303|http/1.1|ff01-0001-000b-0023-0010-0017,c030|0303|http/1.1|ff01-0001-000b-0023-0010-0017,c030|0303|http/1.1|ff01-0001-000b-0023-0010-0017
124.41.211.17,124.41.211.17,2ad2ad0002ad2ad22c2ad2ad2ad2adce7a321e4956e8298ba917e9f2c22849,c030|0303|http/1.1|ff01-0001-000b-0023-0010-0017,c030|0303|http/1.1|ff01-0001-000b-0023-0010-0017,|||,c030|0303||ff01-0001-000b-0023-0017,c030|0303||ff01-0001-000b-0023-0017,c014|0302|http/1.1|ff01-0001-000b-0023-0010-0017,c030|0303|http/1.1|ff01-0001-000b-0023-0010-0017,c030|0303|http/1.1|ff01-0001-000b-0023-0010-0017,c030|0303|http/1.1|ff01-0001-000b-0023-0010-0017,c030|0303|http/1.1|ff01-0001-000b-0023-0010-0017
186.225.119.170,186.225.119.170,2ad2ad0002ad2ad22c2ad2ad2ad2adce7a321e4956e8298ba917e9f2c22849,c030|0303|http/1.1|ff01-0001-000b-0023-0010-0017,c030|0303|http/1.1|ff01-0001-000b-0023-0010-0017,|||,c030|0303||ff01-0001-000b-0023-0017,c030|0303||ff01-0001-000b-0023-0017,c014|0302|http/1.1|ff01-0001-000b-0023-0010-0017,c030|0303|http/1.1|ff01-0001-000b-0023-0010-0017,c030|0303|http/1.1|ff01-0001-000b-0023-0010-0017,c030|0303|http/1.1|ff01-0001-000b-0023-0010-0017,c030|0303|http/1.1|ff01-0001-000b-0023-0010-0017
168.121.97.34,168.121.97.34,2ad2ad0002ad2ad22c2ad2ad2ad2adce7a321e4956e8298ba917e9f2c22849,c030|0303|http/1.1|ff01-0001-000b-0023-0010-0017,c030|0303|http/1.1|ff01-0001-000b-0023-0010-0017,|||,c030|0303||ff01-0001-000b-0023-0017,c030|0303||ff01-0001-000b-0023-0017,c014|0302|http/1.1|ff01-0001-000b-0023-0010-0017,c030|0303|http/1.1|ff01-0001-000b-0023-0010-0017,c030|0303|http/1.1|ff01-0001-000b-0023-0010-0017,c030|0303|http/1.1|ff01-0001-000b-0023-0010-0017,c030|0303|http/1.1|ff01-0001-000b-0023-0010-0017
200.236.218.62,200.236.218.62,2ad2ad0002ad2ad22c2ad2ad2ad2adce7a321e4956e8298ba917e9f2c22849,c030|0303|http/1.1|ff01-0001-000b-0023-0010-0017,c030|0303|http/1.1|ff01-0001-000b-0023-0010-0017,|||,c030|0303||ff01-0001-000b-0023-0017,c030|0303||ff01-0001-000b-0023-0017,c014|0302|http/1.1|ff01-0001-000b-0023-0010-0017,c030|0303|http/1.1|ff01-0001-000b-0023-0010-0017,c030|0303|http/1.1|ff01-0001-000b-0023-0010-0017,c030|0303|http/1.1|ff01-0001-000b-0023-0010-0017,c030|0303|http/1.1|ff01-0001-000b-0023-0010-0017
189.112.119.205,189.112.119.205,22b22b00022b22b22b22b22b22b22bce7a321e4956e8298ba917e9f2c22849,c014|0301|http/1.1|ff01-0001-000b-0023-0010-0017,c014|0301|http/1.1|ff01-0001-000b-0023-0010-0017,|||,c014|0301||ff01-0001-000b-0023-0017,c014|0301||ff01-0001-000b-0023-0017,c014|0301|http/1.1|ff01-0001-000b-0023-0010-0017,c014|0301|http/1.1|ff01-0001-000b-0023-0010-0017,c014|0301|http/1.1|ff01-0001-000b-0023-0010-0017,c014|0301|http/1.1|ff01-0001-000b-0023-0010-0017,c014|0301|http/1.1|ff01-0001-000b-0023-0010-0017
116.90.234.82,116.90.234.82,2ad2ad0002ad2ad22c2ad2ad2ad2adce7a321e4956e8298ba917e9f2c22849,c030|0303|http/1.1|ff01-0001-000b-0023-0010-0017,c030|0303|http/1.1|ff01-0001-000b-0023-0010-0017,|||,c030|0303||ff01-0001-000b-0023-0017,c030|0303||ff01-0001-000b-0023-0017,c014|0302|http/1.1|ff01-0001-000b-0023-0010-0017,c030|0303|http/1.1|ff01-0001-000b-0023-0010-0017,c030|0303|http/1.1|ff01-0001-000b-0023-0010-0017,c030|0303|http/1.1|ff01-0001-000b-0023-0010-0017,c030|0303|http/1.1|ff01-0001-000b-0023-0010-0017
186.71.134.62,186.71.134.62,2ad2ad0002ad2ad22c2ad2ad2ad2adce7a321e4956e8298ba917e9f2c22849,c030|0303|http/1.1|ff01-0001-000b-0023-0010-0017,c030|0303|http/1.1|ff01-0001-000b-0023-0010-0017,|||,c030|0303||ff01-0001-000b-0023-0017,c030|0303||ff01-0001-000b-0023-0017,c014|0302|http/1.1|ff01-0001-000b-0023-0010-0017,c030|0303|http/1.1|ff01-0001-000b-0023-0010-0017,c030|0303|http/1.1|ff01-0001-000b-0023-0010-0017,c030|0303|http/1.1|ff01-0001-000b-0023-0010-0017,c030|0303|http/1.1|ff01-0001-000b-0023-0010-0017
200.233.192.111,200.233.192.111,2ad2ad0002ad2ad22c2ad2ad2ad2adce7a321e4956e8298ba917e9f2c22849,c030|0303|http/1.1|ff01-0001-000b-0023-0010-0017,c030|0303|http/1.1|ff01-0001-000b-0023-0010-0017,|||,c030|0303||ff01-0001-000b-0023-0017,c030|0303||ff01-0001-000b-0023-0017,c014|0302|http/1.1|ff01-0001-000b-0023-0010-0017,c030|0303|http/1.1|ff01-0001-000b-0023-0010-0017,c030|0303|http/1.1|ff01-0001-000b-0023-0010-0017,c030|0303|http/1.1|ff01-0001-000b-0023-0010-0017,c030|0303|http/1.1|ff01-0001-000b-0023-0010-0017
177.67.137.111,177.67.137.111,22b22b00022b22b22b22b22b22b22bc2ddcfd203d071c45b4b0ffe3d7b4b89,c014|0301|http/1.1|ff01-0000-0001-000b-0023-0010-0017,c014|0301|http/1.1|ff01-0000-0001-000b-0023-0010-0017,|||,c014|0301||ff01-0000-0001-000b-0023-0017,c014|0301||ff01-0000-0001-000b-0023-0017,c014|0301|http/1.1|ff01-0000-0001-000b-0023-0010-0017,c014|0301|http/1.1|ff01-0000-0001-000b-0023-0010-0017,c014|0301|http/1.1|ff01-0000-0001-000b-0023-0010-0017,c014|0301|http/1.1|ff01-0000-0001-000b-0023-0010-0017,c014|0301|http/1.1|ff01-0000-0001-000b-0023-0010-0017
45.229.162.233,45.229.162.233,2ad2ad0002ad2ad22c2ad2ad2ad2adce7a321e4956e8298ba917e9f2c22849,c030|0303|http/1.1|ff01-0001-000b-0023-0010-0017,c030|0303|http/1.1|ff01-0001-000b-0023-0010-0017,|||,c030|0303||ff01-0001-000b-0023-0017,c030|0303||ff01-0001-000b-0023-0017,c014|0302|http/1.1|ff01-0001-000b-0023-0010-0017,c030|0303|http/1.1|ff01-0001-000b-0023-0010-0017,c030|0303|http/1.1|ff01-0001-000b-0023-0010-0017,c030|0303|http/1.1|ff01-0001-000b-0023-0010-0017,c030|0303|http/1.1|ff01-0001-000b-0023-0010-0017
168.195.167.130,168.195.167.130,2ad2ad0002ad2ad22c2ad2ad2ad2adce7a321e4956e8298ba917e9f2c22849,c030|0303|http/1.1|ff01-0001-000b-0023-0010-0017,c030|0303|http/1.1|ff01-0001-000b-0023-0010-0017,|||,c030|0303||ff01-0001-000b-0023-0017,c030|0303||ff01-0001-000b-0023-0017,c014|0302|http/1.1|ff01-0001-000b-0023-0010-0017,c030|0303|http/1.1|ff01-0001-000b-0023-0010-0017,c030|0303|http/1.1|ff01-0001-000b-0023-0010-0017,c030|0303|http/1.1|ff01-0001-000b-0023-0010-0017,c030|0303|http/1.1|ff01-0001-000b-0023-0010-0017
103.238.203.82,103.238.203.82,2ad2ad0002ad2ad22c2ad2ad2ad2adce7a321e4956e8298ba917e9f2c22849,c030|0303|http/1.1|ff01-0001-000b-0023-0010-0017,c030|0303|http/1.1|ff01-0001-000b-0023-0010-0017,|||,c030|0303||ff01-0001-000b-0023-0017,c030|0303||ff01-0001-000b-0023-0017,c014|0302|http/1.1|ff01-0001-000b-0023-0010-0017,c030|0303|http/1.1|ff01-0001-000b-0023-0010-0017,c030|0303|http/1.1|ff01-0001-000b-0023-0010-0017,c030|0303|http/1.1|ff01-0001-000b-0023-0010-0017,c030|0303|http/1.1|ff01-0001-000b-0023-0010-0017
190.110.222.109,190.110.222.109,2ad2ad0002ad2ad22c2ad2ad2ad2adce7a321e4956e8298ba917e9f2c22849,c030|0303|http/1.1|ff01-0001-000b-0023-0010-0017,c030|0303|http/1.1|ff01-0001-000b-0023-0010-0017,|||,c030|0303||ff01-0001-000b-0023-0017,c030|0303||ff01-0001-000b-0023-0017,c014|0302|http/1.1|ff01-0001-000b-0023-0010-0017,c030|0303|http/1.1|ff01-0001-000b-0023-0010-0017,c030|0303|http/1.1|ff01-0001-000b-0023-0010-0017,c030|0303|http/1.1|ff01-0001-000b-0023-0010-0017,c030|0303|http/1.1|ff01-0001-000b-0023-0010-0017
131.72.127.126,131.72.127.126,2ad2ad0002ad2ad22c2ad2ad2ad2adce7a321e4956e8298ba917e9f2c22849,c030|0303|http/1.1|ff01-0001-000b-0023-0010-0017,c030|0303|http/1.1|ff01-0001-000b-0023-0010-0017,|||,c030|0303||ff01-0001-000b-0023-0017,c030|0303||ff01-0001-000b-0023-0017,c014|0302|http/1.1|ff01-0001-000b-0023-0010-0017,c030|0303|http/1.1|ff01-0001-000b-0023-0010-0017,c030|0303|http/1.1|ff01-0001-000b-0023-0010-0017,c030|0303|http/1.1|ff01-0001-000b-0023-0010-0017,c030|0303|http/1.1|ff01-0001-000b-0023-0010-0017
189.51.118.78,189.51.118.78,22b22b00022b22b22b22b22b22b22bce7a321e4956e8298ba917e9f2c22849,c014|0301|http/1.1|ff01-0001-000b-0023-0010-0017,c014|0301|http/1.1|ff01-0001-000b-0023-0010-0017,|||,c014|0301||ff01-0001-000b-0023-0017,c014|0301||ff01-0001-000b-0023-0017,c014|0301|http/1.1|ff01-0001-000b-0023-0010-0017,c014|0301|http/1.1|ff01-0001-000b-0023-0010-0017,c014|0301|http/1.1|ff01-0001-000b-0023-0010-0017,c014|0301|http/1.1|ff01-0001-000b-0023-0010-0017,c014|0301|http/1.1|ff01-0001-000b-0023-0010-0017
186.235.250.230,186.235.250.230,2ad2ad0002ad2ad22c2ad2ad2ad2adce7a321e4956e8298ba917e9f2c22849,c030|0303|http/1.1|ff01-0001-000b-0023-0010-0017,c030|0303|http/1.1|ff01-0001-000b-0023-0010-0017,|||,c030|0303||ff01-0001-000b-0023-0017,c030|0303||ff01-0001-000b-0023-0017,c014|0302|http/1.1|ff01-0001-000b-0023-0010-0017,c030|0303|http/1.1|ff01-0001-000b-0023-0010-0017,c030|0303|http/1.1|ff01-0001-000b-0023-0010-0017,c030|0303|http/1.1|ff01-0001-000b-0023-0010-0017,c030|0303|http/1.1|ff01-0001-000b-0023-0010-0017
116.206.153.212,116.206.153.212,22b22b00022b22b22b22b22b22b22bc2ddcfd203d071c45b4b0ffe3d7b4b89,c014|0301|http/1.1|ff01-0000-0001-000b-0023-0010-0017,c014|0301|http/1.1|ff01-0000-0001-000b-0023-0010-0017,|||,c014|0301||ff01-0000-0001-000b-0023-0017,c014|0301||ff01-0000-0001-000b-0023-0017,c014|0301|http/1.1|ff01-0000-0001-000b-0023-0010-0017,c014|0301|http/1.1|ff01-0000-0001-000b-0023-0010-0017,c014|0301|http/1.1|ff01-0000-0001-000b-0023-0010-0017,c014|0301|http/1.1|ff01-0000-0001-000b-0023-0010-0017,c014|0301|http/1.1|ff01-0000-0001-000b-0023-0010-0017
190.93.208.53,190.93.208.53,22b22b00022b22b22b22b22b22b22bc2ddcfd203d071c45b4b0ffe3d7b4b89,c014|0301|http/1.1|ff01-0000-0001-000b-0023-0010-0017,c014|0301|http/1.1|ff01-0000-0001-000b-0023-0010-0017,|||,c014|0301||ff01-0000-0001-000b-0023-0017,c014|0301||ff01-0000-0001-000b-0023-0017,c014|0301|http/1.1|ff01-0000-0001-000b-0023-0010-0017,c014|0301|http/1.1|ff01-0000-0001-000b-0023-0010-0017,c014|0301|http/1.1|ff01-0000-0001-000b-0023-0010-0017,c014|0301|http/1.1|ff01-0000-0001-000b-0023-0010-0017,c014|0301|http/1.1|ff01-0000-0001-000b-0023-0010-0017
103.108.97.51,103.108.97.51,22b22b00022b22b22b22b22b22b22bce7a321e4956e8298ba917e9f2c22849,c014|0301|http/1.1|ff01-0001-000b-0023-0010-0017,c014|0301|http/1.1|ff01-0001-000b-0023-0010-0017,|||,c014|0301||ff01-0001-000b-0023-0017,c014|0301||ff01-0001-000b-0023-0017,c014|0301|http/1.1|ff01-0001-000b-0023-0010-0017,c014|0301|http/1.1|ff01-0001-000b-0023-0010-0017,c014|0301|http/1.1|ff01-0001-000b-0023-0010-0017,c014|0301|http/1.1|ff01-0001-000b-0023-0010-0017,c014|0301|http/1.1|ff01-0001-000b-0023-0010-0017
110.172.137.20,110.172.137.20,2ad2ad0002ad2ad22c2ad2ad2ad2adce7a321e4956e8298ba917e9f2c22849,c030|0303|http/1.1|ff01-0001-000b-0023-0010-0017,c030|0303|http/1.1|ff01-0001-000b-0023-0010-0017,|||,c030|0303||ff01-0001-000b-0023-0017,c030|0303||ff01-0001-000b-0023-0017,c014|0302|http/1.1|ff01-0001-000b-0023-0010-0017,c030|0303|http/1.1|ff01-0001-000b-0023-0010-0017,c030|0303|http/1.1|ff01-0001-000b-0023-0010-0017,c030|0303|http/1.1|ff01-0001-000b-0023-0010-0017,c030|0303|http/1.1|ff01-0001-000b-0023-0010-0017
113.160.37.196,113.160.37.196,22b22b00022b22b22b22b22b22b22bc2ddcfd203d071c45b4b0ffe3d7b4b89,c014|0301|http/1.1|ff01-0000-0001-000b-0023-0010-0017,c014|0301|http/1.1|ff01-0000-0001-000b-0023-0010-0017,|||,c014|0301||ff01-0000-0001-000b-0023-0017,c014|0301||ff01-0000-0001-000b-0023-0017,c014|0301|http/1.1|ff01-0000-0001-000b-0023-0010-0017,c014|0301|http/1.1|ff01-0000-0001-000b-0023-0010-0017,c014|0301|http/1.1|ff01-0000-0001-000b-0023-0010-0017,c014|0301|http/1.1|ff01-0000-0001-000b-0023-0010-0017,c014|0301|http/1.1|ff01-0000-0001-000b-0023-0010-0017
139.255.199.196,139.255.199.196,2ad2ad0002ad2ad22c2ad2ad2ad2adce7a321e4956e8298ba917e9f2c22849,c030|0303|http/1.1|ff01-0001-000b-0023-0010-0017,c030|0303|http/1.1|ff01-0001-000b-0023-0010-0017,|||,c030|0303||ff01-0001-000b-0023-0017,c030|0303||ff01-0001-000b-0023-0017,c014|0302|http/1.1|ff01-0001-000b-0023-0010-0017,c030|0303|http/1.1|ff01-0001-000b-0023-0010-0017,c030|0303|http/1.1|ff01-0001-000b-0023-0010-0017,c030|0303|http/1.1|ff01-0001-000b-0023-0010-0017,c030|0303|http/1.1|ff01-0001-000b-0023-0010-0017
36.67.97.127,36.67.97.127,2ad2ad0002ad2ad22c2ad2ad2ad2adce7a321e4956e8298ba917e9f2c22849,c030|0303|http/1.1|ff01-0001-000b-0023-0010-0017,c030|0303|http/1.1|ff01-0001-000b-0023-0010-0017,|||,c030|0303||ff01-0001-000b-0023-0017,c030|0303||ff01-0001-000b-0023-0017,c014|0302|http/1.1|ff01-0001-000b-0023-0010-0017,c030|0303|http/1.1|ff01-0001-000b-0023-0010-0017,c030|0303|http/1.1|ff01-0001-000b-0023-0010-0017,c030|0303|http/1.1|ff01-0001-000b-0023-0010-0017,c030|0303|http/1.1|ff01-0001-000b-0023-0010-0017
202.144.203.140,202.144.203.140,2ad2ad0002ad2ad22c2ad2ad2ad2adce7a321e4956e8298ba917e9f2c22849,c030|0303|http/1.1|ff01-0001-000b-0023-0010-0017,c030|0303|http/1.1|ff01-0001-000b-0023-0010-0017,|||,c030|0303||ff01-0001-000b-0023-0017,c030|0303||ff01-0001-000b-0023-0017,c014|0302|http/1.1|ff01-0001-000b-0023-0010-0017,c030|0303|http/1.1|ff01-0001-000b-0023-0010-0017,c030|0303|http/1.1|ff01-0001-000b-0023-0010-0017,c030|0303|http/1.1|ff01-0001-000b-0023-0010-0017,c030|0303|http/1.1|ff01-0001-000b-0023-0010-0017
122.117.90.133,122.117.90.133,22b22b00022b22b22b22b22b22b22bc2ddcfd203d071c45b4b0ffe3d7b4b89,c014|0301|http/1.1|ff01-0000-0001-000b-0023-0010-0017,c014|0301|http/1.1|ff01-0000-0001-000b-0023-0010-0017,|||,c014|0301||ff01-0000-0001-000b-0023-0017,c014|0301||ff01-0000-0001-000b-0023-0017,c014|0301|http/1.1|ff01-0000-0001-000b-0023-0010-0017,c014|0301|http/1.1|ff01-0000-0001-000b-0023-0010-0017,c014|0301|http/1.1|ff01-0000-0001-000b-0023-0010-0017,c014|0301|http/1.1|ff01-0000-0001-000b-0023-0010-0017,c014|0301|http/1.1|ff01-0000-0001-000b-0023-0010-0017
45.116.106.45,45.116.106.45,2ad2ad0002ad2ad22c2ad2ad2ad2adce7a321e4956e8298ba917e9f2c22849,c030|0303|http/1.1|ff01-0001-000b-0023-0010-0017,c030|0303|http/1.1|ff01-0001-000b-0023-0010-0017,|||,c030|0303||ff01-0001-000b-0023-0017,c030|0303||ff01-0001-000b-0023-0017,c014|0302|http/1.1|ff01-0001-000b-0023-0010-0017,c030|0303|http/1.1|ff01-0001-000b-0023-0010-0017,c030|0303|http/1.1|ff01-0001-000b-0023-0010-0017,c030|0303|http/1.1|ff01-0001-000b-0023-0010-0017,c030|0303|http/1.1|ff01-0001-000b-0023-0010-0017
152.156.122.10,152.156.122.10,2ad2ad0002ad2ad22c2ad2ad2ad2adce7a321e4956e8298ba917e9f2c22849,c030|0303|http/1.1|ff01-0001-000b-0023-0010-0017,c030|0303|http/1.1|ff01-0001-000b-0023-0010-0017,|||,c030|0303||ff01-0001-000b-0023-0017,c030|0303||ff01-0001-000b-0023-0017,c014|0302|http/1.1|ff01-0001-000b-0023-0010-0017,c030|0303|http/1.1|ff01-0001-000b-0023-0010-0017,c030|0303|http/1.1|ff01-0001-000b-0023-0010-0017,c030|0303|http/1.1|ff01-0001-000b-0023-0010-0017,c030|0303|http/1.1|ff01-0001-000b-0023-0010-0017
202.51.122.163,202.51.122.163,2ad2ad0002ad2ad22c2ad2ad2ad2adce7a321e4956e8298ba917e9f2c22849,c030|0303|http/1.1|ff01-0001-000b-0023-0010-0017,c030|0303|http/1.1|ff01-0001-000b-0023-0010-0017,|||,c030|0303||ff01-0001-000b-0023-0017,c030|0303||ff01-0001-000b-0023-0017,c014|0302|http/1.1|ff01-0001-000b-0023-0010-0017,c030|0303|http/1.1|ff01-0001-000b-0023-0010-0017,c030|0303|http/1.1|ff01-0001-000b-0023-0010-0017,c030|0303|http/1.1|ff01-0001-000b-0023-0010-0017,c030|0303|http/1.1|ff01-0001-000b-0023-0010-0017
49.176.188.184,49.176.188.184,22b22b00022b22b22b22b22b22b22bce7a321e4956e8298ba917e9f2c22849,c014|0301|http/1.1|ff01-0001-000b-0023-0010-0017,c014|0301|http/1.1|ff01-0001-000b-0023-0010-0017,|||,c014|0301||ff01-0001-000b-0023-0017,c014|0301||ff01-0001-000b-0023-0017,c014|0301|http/1.1|ff01-0001-000b-0023-0010-0017,c014|0301|http/1.1|ff01-0001-000b-0023-0010-0017,c014|0301|http/1.1|ff01-0001-000b-0023-0010-0017,c014|0301|http/1.1|ff01-0001-000b-0023-0010-0017,c014|0301|http/1.1|ff01-0001-000b-0023-0010-0017
61.69.102.170,61.69.102.170,22b22b00022b22b22b22b22b22b22bce7a321e4956e8298ba917e9f2c22849,c014|0301|http/1.1|ff01-0001-000b-0023-0010-0017,c014|0301|http/1.1|ff01-0001-000b-0023-0010-0017,|||,c014|0301||ff01-0001-000b-0023-0017,c014|0301||ff01-0001-000b-0023-0017,c014|0301|http/1.1|ff01-0001-000b-0023-0010-0017,c014|0301|http/1.1|ff01-0001-000b-0023-0010-0017,c014|0301|http/1.1|ff01-0001-000b-0023-0010-0017,c014|0301|http/1.1|ff01-0001-000b-0023-0010-0017,c014|0301|http/1.1|ff01-0001-000b-0023-0010-0017
189.126.72.249,189.126.72.249,2ad2ad0002ad2ad22c2ad2ad2ad2adce7a321e4956e8298ba917e9f2c22849,c030|0303|http/1.1|ff01-0001-000b-0023-0010-0017,c030|0303|http/1.1|ff01-0001-000b-0023-0010-0017,|||,c030|0303||ff01-0001-000b-0023-0017,c030|0303||ff01-0001-000b-0023-0017,c014|0302|http/1.1|ff01-0001-000b-0023-0010-0017,c030|0303|http/1.1|ff01-0001-000b-0023-0010-0017,c030|0303|http/1.1|ff01-0001-000b-0023-0010-0017,c030|0303|http/1.1|ff01-0001-000b-0023-0010-0017,c030|0303|http/1.1|ff01-0001-000b-0023-0010-0017
103.140.207.110,103.140.207.110,2ad2ad0002ad2ad22c2ad2ad2ad2adce7a321e4956e8298ba917e9f2c22849,c030|0303|http/1.1|ff01-0001-000b-0023-0010-0017,c030|0303|http/1.1|ff01-0001-000b-0023-0010-0017,|||,c030|0303||ff01-0001-000b-0023-0017,c030|0303||ff01-0001-000b-0023-0017,c014|0302|http/1.1|ff01-0001-000b-0023-0010-0017,c030|0303|http/1.1|ff01-0001-000b-0023-0010-0017,c030|0303|http/1.1|ff01-0001-000b-0023-0010-0017,c030|0303|http/1.1|ff01-0001-000b-0023-0010-0017,c030|0303|http/1.1|ff01-0001-000b-0023-0010-0017
171.235.33.211,171.235.33.211,2ad2ad0002ad2ad22c2ad2ad2ad2adce7a321e4956e8298ba917e9f2c22849,c030|0303|http/1.1|ff01-0001-000b-0023-0010-0017,c030|0303|http/1.1|ff01-0001-000b-0023-0010-0017,|||,c030|0303||ff01-0001-000b-0023-0017,c030|0303||ff01-0001-000b-0023-0017,c014|0302|http/1.1|ff01-0001-000b-0023-0010-0017,c030|0303|http/1.1|ff01-0001-000b-0023-0010-0017,c030|0303|http/1.1|ff01-0001-000b-0023-0010-0017,c030|0303|http/1.1|ff01-0001-000b-0023-0010-0017,c030|0303|http/1.1|ff01-0001-000b-0023-0010-0017
159.224.167.102,159.224.167.102,00000000000000000000000000000000000000000000000000000000000000,|||,|||,|||,|||,|||,|||,|||,|||,|||,|||
77.232.163.203,77.232.163.203,00000000000000000000000000000000000000000000000000000000000000,|||,|||,|||,|||,|||,|||,|||,|||,|||,|||
182.253.210.130,182.253.210.130,00000000000000000000000000000000000000000000000000000000000000,|||,|||,|||,|||,|||,|||,|||,|||,|||,|||
125.234.128.250,125.234.128.250,00000000000000000000000000000000000000000000000000000000000000,|||,|||,|||,|||,|||,|||,|||,|||,|||,|||
118.91.190.42,118.91.190.42,00000000000000000000000000000000000000000000000000000000000000,|||,|||,|||,|||,|||,|||,|||,|||,|||,|||
36.91.186.235,36.91.186.235,00000000000000000000000000000000000000000000000000000000000000,|||,|||,|||,|||,|||,|||,|||,|||,|||,|||
103.127.67.38,103.127.67.38,00000000000000000000000000000000000000000000000000000000000000,|||,|||,|||,|||,|||,|||,|||,|||,|||,|||
170.238.117.187,170.238.117.187,00000000000000000000000000000000000000000000000000000000000000,|||,|||,|||,|||,|||,|||,|||,|||,|||,|||
103.94.0.178,103.94.0.178,00000000000000000000000000000000000000000000000000000000000000,|||,|||,|||,|||,|||,|||,|||,|||,|||,|||
91.235.129.8,91.235.129.8,00000000000000000000000000000000000000000000000000000000000000,|||,|||,|||,|||,|||,|||,|||,|||,|||,|||
202.179.185.203,202.179.185.203,00000000000000000000000000000000000000000000000000000000000000,|||,|||,|||,|||,|||,|||,|||,|||,|||,|||
186.42.253.110,186.42.253.110,00000000000000000000000000000000000000000000000000000000000000,|||,|||,|||,|||,|||,|||,|||,|||,|||,|||
75.176.235.182,75.176.235.182,00000000000000000000000000000000000000000000000000000000000000,|||,|||,|||,|||,|||,|||,|||,|||,|||,|||
88.150.240.129,88.150.240.129,00000000000000000000000000000000000000000000000000000000000000,|||,|||,|||,|||,|||,|||,|||,|||,|||,|||
148.235.154.164,148.235.154.164,00000000000000000000000000000000000000000000000000000000000000,|||,|||,|||,|||,|||,|||,|||,|||,|||,|||
62.99.76.213,62.99.76.213,00000000000000000000000000000000000000000000000000000000000000,|||,|||,|||,|||,|||,|||,|||,|||,|||,|||
24.28.12.23,24.28.12.23,00000000000000000000000000000000000000000000000000000000000000,|||,|||,|||,|||,|||,|||,|||,|||,|||,|||
177.86.90.105,177.86.90.105,00000000000000000000000000000000000000000000000000000000000000,|||,|||,|||,|||,|||,|||,|||,|||,|||,|||
190.152.125.75,190.152.125.75,00000000000000000000000000000000000000000000000000000000000000,|||,|||,|||,|||,|||,|||,|||,|||,|||,|||
103.146.232.154,103.146.232.154,00000000000000000000000000000000000000000000000000000000000000,|||,|||,|||,|||,|||,|||,|||,|||,|||,|||
162.33.177.74,162.33.177.74,00000000000000000000000000000000000000000000000000000000000000,|||,|||,|||,|||,|||,|||,|||,|||,|||,|||
176.100.4.31,176.100.4.31,00000000000000000000000000000000000000000000000000000000000000,|||,|||,|||,|||,|||,|||,|||,|||,|||,|||
36.66.188.251,36.66.188.251,00000000000000000000000000000000000000000000000000000000000000,|||,|||,|||,|||,|||,|||,|||,|||,|||,|||
186.4.193.75,186.4.193.75,00000000000000000000000000000000000000000000000000000000000000,|||,|||,|||,|||,|||,|||,|||,|||,|||,|||
43.252.158.104,43.252.158.104,00000000000000000000000000000000000000000000000000000000000000,|||,|||,|||,|||,|||,|||,|||,|||,|||,|||
156.19.152.218,156.19.152.218,00000000000000000000000000000000000000000000000000000000000000,|||,|||,|||,|||,|||,|||,|||,|||,|||,|||
181.189.221.250,181.189.221.250,00000000000000000000000000000000000000000000000000000000000000,|||,|||,|||,|||,|||,|||,|||,|||,|||,|||
191.36.151.129,191.36.151.129,00000000000000000000000000000000000000000000000000000000000000,|||,|||,|||,|||,|||,|||,|||,|||,|||,|||
202.58.199.82,202.58.199.82,00000000000000000000000000000000000000000000000000000000000000,|||,|||,|||,|||,|||,|||,|||,|||,|||,|||
181.112.49.170,181.112.49.170,00000000000000000000000000000000000000000000000000000000000000,|||,|||,|||,|||,|||,|||,|||,|||,|||,|||
200.201.185.194,200.201.185.194,00000000000000000000000000000000000000000000000000000000000000,|||,|||,|||,|||,|||,|||,|||,|||,|||,|||
187.95.113.110,187.95.113.110,00000000000000000000000000000000000000000000000000000000000000,|||,|||,|||,|||,|||,|||,|||,|||,|||,|||
103.150.68.124,103.150.68.124,22b22b00022b22b22b22b22b22b22bce7a321e4956e8298ba917e9f2c22849,c014|0301|http/1.1|ff01-0001-000b-0023-0010-0017,c014|0301|http/1.1|ff01-0001-000b-0023-0010-0017,|||,c014|0301||ff01-0001-000b-0023-0017,c014|0301||ff01-0001-000b-0023-0017,c014|0301|http/1.1|ff01-0001-000b-0023-0010-0017,c014|0301|http/1.1|ff01-0001-000b-0023-0010-0017,c014|0301|http/1.1|ff01-0001-000b-0023-0010-0017,c014|0301|http/1.1|ff01-0001-000b-0023-0010-0017,c014|0301|http/1.1|ff01-0001-000b-0023-0010-0017
45.65.249.154,45.65.249.154,2ad2ad0002ad2ad22c2ad2ad2ad2adce7a321e4956e8298ba917e9f2c22849,c030|0303|http/1.1|ff01-0001-000b-0023-0010-0017,c030|0303|http/1.1|ff01-0001-000b-0023-0010-0017,|||,c030|0303||ff01-0001-000b-0023-0017,c030|0303||ff01-0001-000b-0023-0017,c014|0302|http/1.1|ff01-0001-000b-0023-0010-0017,c030|0303|http/1.1|ff01-0001-000b-0023-0010-0017,c030|0303|http/1.1|ff01-0001-000b-0023-0010-0017,c030|0303|http/1.1|ff01-0001-000b-0023-0010-0017,c030|0303|http/1.1|ff01-0001-000b-0023-0010-0017
213.32.252.221,213.32.252.221,22b22b00022b22b22b22b22b22b22bce7a321e4956e8298ba917e9f2c22849,c014|0301|http/1.1|ff01-0001-000b-0023-0010-0017,c014|0301|http/1.1|ff01-0001-000b-0023-0010-0017,|||,c014|0301||ff01-0001-000b-0023-0017,c014|0301||ff01-0001-000b-0023-0017,c014|0301|http/1.1|ff01-0001-000b-0023-0010-0017,c014|0301|http/1.1|ff01-0001-000b-0023-0010-0017,c014|0301|http/1.1|ff01-0001-000b-0023-0010-0017,c014|0301|http/1.1|ff01-0001-000b-0023-0010-0017,c014|0301|http/1.1|ff01-0001-000b-0023-0010-0017
177.52.26.233,177.52.26.233,00000000000000000000000000000000000000000000000000000000000000,|||,|||,|||,|||,|||,|||,|||,|||,|||,|||
103.80.54.34,103.80.54.34,00000000000000000000000000000000000000000000000000000000000000,|||,|||,|||,|||,|||,|||,|||,|||,|||,|||
