178.63.26.132,178.63.26.132,00000000000000000000000000000000000000000000000000000000000000,|||,|||,|||,|||,|||,|||,|||,|||,|||,|||
51.83.3.52,51.83.3.52,21d19d00000000021c21d19d21d21db2e1191a3715fa469c667680e6cfab7f,c013|0303|http/1.1|ff01-0000-000b-0023-0017-0010,00c0|0303|http/1.1|ff01-0000-0023-0017-0010,|||,|||,|||,c013|0302|http/1.1|ff01-0000-000b-0023-0017-0010,c013|0303|http/1.1|ff01-0000-000b-0023-0017-0010,00c0|0303|http/1.1|ff01-0000-0023-0017-0010,c013|0303|http/1.1|ff01-0000-000b-0023-0017-0010,c013|0303|http/1.1|ff01-0000-000b-0023-0017-0010
151.205.102.42,151.205.102.42,00000000000000000000000008b000e3b0c44298fc1c149afbf4c8996fb924,|||,|||,|||,|||,|||,|||,|||,|||,0035|0301||,|||
45.32.211.207,45.32.211.207,20d08b20d21d20d20c42d08b20b41d6de8da07a3d19017ef127785dde06db6,c012|0303|http/1.1|0023-ff01-0010,0035|0301|http/1.1|0023-ff01-0010,c012|0303|http/1.1|0023-ff01-0010,c013|0303||0023-ff01,c012|0303||0023-ff01,c012|0302|http/1.1|0023-ff01-0010,1302|0303||002b-0033,0035|0301|http/1.1|0023-ff01-0010,c012|0301|http/1.1|0023-ff01-0010,1301|0303||002b-0033
149.28.98.196,149.28.98.196,20d08b20d21d20d20c42d08b20b41d6de8da07a3d19017ef127785dde06db6,c012|0303|http/1.1|0023-ff01-0010,0035|0301|http/1.1|0023-ff01-0010,c012|0303|http/1.1|0023-ff01-0010,c013|0303||0023-ff01,c012|0303||0023-ff01,c012|0302|http/1.1|0023-ff01-0010,1302|0303||002b-0033,0035|0301|http/1.1|0023-ff01-0010,c012|0301|http/1.1|0023-ff01-0010,1301|0303||002b-0033
69.64.50.41,69.64.50.41,05d10d20d21d20d05c05d10d05d20d74fcf6501ae7a92319e575bfafd2a827,0016|0303||ff01-0023,0084|0303||ff01-0023,c012|0303||ff01-000b-0023,c013|0303||ff01-000b-0023,c012|0303||ff01-000b-0023,0016|0302||ff01-0023,0016|0303||ff01-0023,0084|0303||ff01-0023,0016|0303||ff01-0023,c012|0303||ff01-000b-0023
174.128.245.202,174.128.245.202,05b08b09b04b04b05b05b08b05b04ba441f40918707087561e2af18cf76f0e,0016|0301||ff01-0023,0035|0301||ff01-0023,0039|0301||ff01-0023,000a|0301||ff01-0023,000a|0301||ff01-0023,0016|0301||ff01-0023,0016|0301||ff01-0023,0035|0301||ff01-0023,0016|0301||ff01-0023,000a|0301||ff01-0023
106.250.150.98,106.250.150.98,00000000000000000000000000000000000000000000000000000000000000,|||,|||,|||,|||,|||,|||,|||,|||,|||,|||
185.157.160.136,185.157.160.136,00000000000000000000000000000000000000000000000000000000000000,|||,|||,|||,|||,|||,|||,|||,|||,|||,|||
173.21.10.71,173.21.10.71,00000000000000000000000000000000000000000000000000000000000000,|||,|||,|||,|||,|||,|||,|||,|||,|||,|||
71.187.170.235,71.187.170.235,00000000000000000000000000000000000000000000000000000000000000,|||,|||,|||,|||,|||,|||,|||,|||,|||,|||
172.78.42.79,172.78.42.79,00000000000000000000000000000000000000000000000000000000000000,|||,|||,|||,|||,|||,|||,|||,|||,|||,|||
144.139.47.206,144.139.47.206,00000000000000000000000000000000000000000000000000000000000000,|||,|||,|||,|||,|||,|||,|||,|||,|||,|||
31.4.242.28,31.4.242.28,00000000000000000000000000000000000000000000000000000000000000,|||,|||,|||,|||,|||,|||,|||,|||,|||,|||
