144.76.56.36,144.76.56.36,00000000000000000000000000000000000000000000000000000000000000,|||,|||,|||,|||,|||,|||,|||,|||,|||,|||
209.250.247.253,209.250.247.253,00000000000000000000000000000000000000000000000000000000000000,|||,|||,|||,|||,|||,|||,|||,|||,|||,|||
159.69.89.130,159.69.89.130,00000000000000000000000000000000000000000000000000000000000000,|||,|||,|||,|||,|||,|||,|||,|||,|||,|||
185.244.30.251,185.244.30.251,00000000000000000000000000000000000000000000000000000000000000,|||,|||,|||,|||,|||,|||,|||,|||,|||,|||
108.61.99.179,108.61.99.179,00000000000000000000000000000000000000000000000000000000000000,|||,|||,|||,|||,|||,|||,|||,|||,|||,|||
51.38.134.203,51.38.134.203,00000000000000000000000000000000000000000000000000000000000000,|||,|||,|||,|||,|||,|||,|||,|||,|||,|||
146.185.195.28,146.185.195.28,00000000000000000000000000000000000000000000000000000000000000,|||,|||,|||,|||,|||,|||,|||,|||,|||,|||
178.62.75.204,178.62.75.204,00000000000000000000000000000000000000000000000000000000000000,|||,|||,|||,|||,|||,|||,|||,|||,|||,|||
165.227.156.155,165.227.156.155,3fd3fd15d3fd3fd00042d42d00000061256d32ed7779c14686ad100544dc8d,cca8|0303|http/1.1|ff01-0001-000b-0023-0010-0017,cca8|0303|http/1.1|ff01-0001-000b-0023-0010-0017,009e|0303|http/1.1|ff01-0001-0023-0010-0017,cca8|0303|http/1.1|ff01-0001-000b-0023-0010-0017,cca8|0303|http/1.1|ff01-0001-000b-0023-0010-0017,|||,1302|0303||002b-0033,1302|0303||002b-0033,|||,|||
165.227.220.53,165.227.220.53,00000000000000000000000000000000000000000000000000000000000000,|||,|||,|||,|||,|||,|||,|||,|||,|||,|||
68.183.18.169,68.183.18.169,00000000000000000000000000000000000000000000000000000000000000,|||,|||,|||,|||,|||,|||,|||,|||,|||,|||
192.241.143.52,192.241.143.52,00000000000000000000000000000000000000000000000000000000000000,|||,|||,|||,|||,|||,|||,|||,|||,|||,|||
74.50.51.115,74.50.51.115,00000000000000000000000000000000000000000000000000000000000000,|||,|||,|||,|||,|||,|||,|||,|||,|||,|||
198.58.112.7,198.58.112.7,00000000000000000000000000000000000000000000000000000000000000,|||,|||,|||,|||,|||,|||,|||,|||,|||,|||
104.236.137.72,104.236.137.72,00000000000000000000000000000000000000000000000000000000000000,|||,|||,|||,|||,|||,|||,|||,|||,|||,|||
107.175.150.73,107.175.150.73,00000000000000000000000000000000000000000000000000000000000000,|||,|||,|||,|||,|||,|||,|||,|||,|||,|||
59.135.126.129,59.135.126.129,00000000000000000000000000000000000000000000000000000000000000,|||,|||,|||,|||,|||,|||,|||,|||,|||,|||
96.126.121.64,96.126.121.64,29d29d15d29d29d21c29d29d29d29da702d01c1ffb9b74d09db9b573962dce,c02f|0303|h2|ff01-0000-0001-000b-0010-0017,c02f|0303|h2|ff01-0000-0001-000b-0010-0017,009e|0303|h2|ff01-0000-0001-0010-0017,c02f|0303||ff01-0000-0001-000b-0017,c02f|0303||ff01-0000-0001-000b-0017,c013|0302|h2|ff01-0000-0001-000b-0010-0017,c02f|0303|h2|ff01-0000-0001-000b-0010-0017,c02f|0303|h2|ff01-0000-0001-000b-0010-0017,c02f|0303|h2|ff01-0000-0001-000b-0010-0017,c02f|0303|h2|ff01-0000-0001-000b-0010-0017
45.79.95.107,45.79.95.107,3fd3fd15d3fd3fd00042d42d00000061256d32ed7779c14686ad100544dc8d,cca8|0303|http/1.1|ff01-0001-000b-0023-0010-0017,cca8|0303|http/1.1|ff01-0001-000b-0023-0010-0017,009e|0303|http/1.1|ff01-0001-0023-0010-0017,cca8|0303|http/1.1|ff01-0001-000b-0023-0010-0017,cca8|0303|http/1.1|ff01-0001-000b-0023-0010-0017,|||,1302|0303||002b-0033,1302|0303||002b-0033,|||,|||
47.93.96.145,47.93.96.145,00000000000000000000000000000000000000000000000000000000000000,|||,|||,|||,|||,|||,|||,|||,|||,|||,|||
203.109.113.155,203.109.113.155,00000000000000000000000000000000000000000000000000000000000000,|||,|||,|||,|||,|||,|||,|||,|||,|||,|||
192.163.221.191,192.163.221.191,00000000000000000000000000000000000000000000000000000000000000,|||,|||,|||,|||,|||,|||,|||,|||,|||,|||
183.91.3.63,183.91.3.63,00000000000000000000000000000000000000000000000000000000000000,|||,|||,|||,|||,|||,|||,|||,|||,|||,|||
167.172.242.69,167.172.242.69,00000000000000000000000000000000000000000000000000000000000000,|||,|||,|||,|||,|||,|||,|||,|||,|||,|||
70.175.171.251,70.175.171.251,00000000000000000000000000000000000000000000000000000000000000,|||,|||,|||,|||,|||,|||,|||,|||,|||,|||
165.255.142.118,165.255.142.118,00000000000000000000000000000000000000000000000000000000000000,|||,|||,|||,|||,|||,|||,|||,|||,|||,|||
66.7.242.50,66.7.242.50,00000000000000000000000000000000000000000000000000000000000000,|||,|||,|||,|||,|||,|||,|||,|||,|||,|||
177.239.160.121,177.239.160.121,00000000000000000000000000000000000000000000000000000000000000,|||,|||,|||,|||,|||,|||,|||,|||,|||,|||
99.252.27.6,99.252.27.6,00000000000000000000000000000000000000000000000000000000000000,|||,|||,|||,|||,|||,|||,|||,|||,|||,|||
144.217.117.207,144.217.117.207,00000000000000000000000000000000000000000000000000000000000000,|||,|||,|||,|||,|||,|||,|||,|||,|||,|||
185.70.187.147,185.70.187.147,00000000000000000000000000000000000000000000000000000000000000,|||,|||,|||,|||,|||,|||,|||,|||,|||,|||
98.192.74.164,98.192.74.164,00000000000000000000000000000000000000000000000000000000000000,|||,|||,|||,|||,|||,|||,|||,|||,|||,|||
89.211.186.227,89.211.186.227,00000000000000000000000000000000000000000000000000000000000000,|||,|||,|||,|||,|||,|||,|||,|||,|||,|||
24.181.125.62,24.181.125.62,00000000000000000000000000000000000000000000000000000000000000,|||,|||,|||,|||,|||,|||,|||,|||,|||,|||
186.147.245.204,186.147.245.204,00000000000000000000000000000000000000000000000000000000000000,|||,|||,|||,|||,|||,|||,|||,|||,|||,|||
100.6.23.40,100.6.23.40,00000000000000000000000000000000000000000000000000000000000000,|||,|||,|||,|||,|||,|||,|||,|||,|||,|||
37.187.72.193,37.187.72.193,00000000000000000000000000000000000000000000000000000000000000,|||,|||,|||,|||,|||,|||,|||,|||,|||,|||
95.66.182.136,95.66.182.136,00000000000000000000000000000000000000000000000000000000000000,|||,|||,|||,|||,|||,|||,|||,|||,|||,|||
41.215.79.182,41.215.79.182,00000000000000000000000000000000000000000000000000000000000000,|||,|||,|||,|||,|||,|||,|||,|||,|||,|||
139.47.135.215,139.47.135.215,00000000000000000000000000000000000000000000000000000000000000,|||,|||,|||,|||,|||,|||,|||,|||,|||,|||
190.210.236.139,190.210.236.139,00000000000000000000000000000000000000000000000000000000000000,|||,|||,|||,|||,|||,|||,|||,|||,|||,|||
24.141.12.228,24.141.12.228,00000000000000000000000000000000000000000000000000000000000000,|||,|||,|||,|||,|||,|||,|||,|||,|||,|||
221.165.123.72,221.165.123.72,00000000000000000000000000000000000000000000000000000000000000,|||,|||,|||,|||,|||,|||,|||,|||,|||,|||
104.131.44.150,104.131.44.150,00000000000000000000000000000000000000000000000000000000000000,|||,|||,|||,|||,|||,|||,|||,|||,|||,|||
152.231.89.226,152.231.89.226,00000000000000000000000000000000000000000000000000000000000000,|||,|||,|||,|||,|||,|||,|||,|||,|||,|||
173.21.26.90,173.21.26.90,00000000000000000000000000000000000000000000000000000000000000,|||,|||,|||,|||,|||,|||,|||,|||,|||,|||
159.65.241.220,159.65.241.220,00000000000000000000000000000000000000000000000000000000000000,|||,|||,|||,|||,|||,|||,|||,|||,|||,|||
104.236.161.64,104.236.161.64,00000000000000000000000000000000000000000000000000000000000000,|||,|||,|||,|||,|||,|||,|||,|||,|||,|||
89.19.20.202,89.19.20.202,00000000000000000000000000000000000000000000000000000000000000,|||,|||,|||,|||,|||,|||,|||,|||,|||,|||
91.250.96.22,91.250.96.22,00000000000000000000000000000000000000000000000000000000000000,|||,|||,|||,|||,|||,|||,|||,|||,|||,|||
69.163.33.84,69.163.33.84,00000000000000000000000000000000000000000000000000000000000000,|||,|||,|||,|||,|||,|||,|||,|||,|||,|||
45.136.111.47,45.136.111.47,00000000000000000000000000000000000000000000000000000000000000,|||,|||,|||,|||,|||,|||,|||,|||,|||,|||
93.147.141.5,93.147.141.5,00000000000000000000000000000000000000000000000000000000000000,|||,|||,|||,|||,|||,|||,|||,|||,|||,|||
94.191.92.139,94.191.92.139,00000000000000000000000000000000000000000000000000000000000000,|||,|||,|||,|||,|||,|||,|||,|||,|||,|||
113.61.76.239,113.61.76.239,00000000000000000000000000000000000000000000000000000000000000,|||,|||,|||,|||,|||,|||,|||,|||,|||,|||
24.196.49.98,24.196.49.98,00000000000000000000000000000000000000000000000000000000000000,|||,|||,|||,|||,|||,|||,|||,|||,|||,|||
70.45.30.28,70.45.30.28,00000000000000000000000000000000000000000000000000000000000000,|||,|||,|||,|||,|||,|||,|||,|||,|||,|||
176.58.93.123,176.58.93.123,00000000000000000000000000000000000000000000000000000000000000,|||,|||,|||,|||,|||,|||,|||,|||,|||,|||
12.162.84.2,12.162.84.2,00000000000000000000000000000000000000000000000000000000000000,|||,|||,|||,|||,|||,|||,|||,|||,|||,|||
181.39.96.86,181.39.96.86,00000000000000000000000000000000000000000000000000000000000000,|||,|||,|||,|||,|||,|||,|||,|||,|||,|||
154.70.158.97,154.70.158.97,00000000000000000000000000000000000000000000000000000000000000,|||,|||,|||,|||,|||,|||,|||,|||,|||,|||
68.62.245.148,68.62.245.148,00000000000000000000000000000000000000000000000000000000000000,|||,|||,|||,|||,|||,|||,|||,|||,|||,|||
177.180.115.224,177.180.115.224,00000000000000000000000000000000000000000000000000000000000000,|||,|||,|||,|||,|||,|||,|||,|||,|||,|||
91.242.136.103,91.242.136.103,00000000000000000000000000000000000000000000000000000000000000,|||,|||,|||,|||,|||,|||,|||,|||,|||,|||
185.11.146.210,185.11.146.210,00000000000000000000000000000000000000000000000000000000000000,|||,|||,|||,|||,|||,|||,|||,|||,|||,|||
178.33.167.120,178.33.167.120,00000000000000000000000000000000000000000000000000000000000000,|||,|||,|||,|||,|||,|||,|||,|||,|||,|||
24.70.40.15,24.70.40.15,00000000000000000000000000000000000000000000000000000000000000,|||,|||,|||,|||,|||,|||,|||,|||,|||,|||
45.14.50.207,45.14.50.207,00000000000000000000000000000000000000000000000000000000000000,|||,|||,|||,|||,|||,|||,|||,|||,|||,|||
70.184.112.55,70.184.112.55,00000000000000000000000000000000000000000000000000000000000000,|||,|||,|||,|||,|||,|||,|||,|||,|||,|||
76.185.136.132,76.185.136.132,00000000000000000000000000000000000000000000000000000000000000,|||,|||,|||,|||,|||,|||,|||,|||,|||,|||
91.205.173.150,91.205.173.150,00000000000000000000000000000000000000000000000000000000000000,|||,|||,|||,|||,|||,|||,|||,|||,|||,|||
69.30.205.162,69.30.205.162,00000000000000000000000000000000000000000000000000000000000000,|||,|||,|||,|||,|||,|||,|||,|||,|||,|||
125.209.114.180,125.209.114.180,00000000000000000000000000000000000000000000000000000000000000,|||,|||,|||,|||,|||,|||,|||,|||,|||,|||
86.123.138.76,86.123.138.76,00000000000000000000000000000000000000000000000000000000000000,|||,|||,|||,|||,|||,|||,|||,|||,|||,|||
72.29.55.174,72.29.55.174,00000000000000000000000000000000000000000000000000000000000000,|||,|||,|||,|||,|||,|||,|||,|||,|||,|||
186.177.165.196,186.177.165.196,00000000000000000000000000000000000000000000000000000000000000,|||,|||,|||,|||,|||,|||,|||,|||,|||,|||
18.194.53.214,18.194.53.214,00000000000000000000000000000000000000000000000000000000000000,|||,|||,|||,|||,|||,|||,|||,|||,|||,|||
5.34.158.102,5.34.158.102,00000000000000000000000000000000000000000000000000000000000000,|||,|||,|||,|||,|||,|||,|||,|||,|||,|||
61.204.119.188,61.204.119.188,00000000000000000000000000000000000000000000000000000000000000,|||,|||,|||,|||,|||,|||,|||,|||,|||,|||
76.11.76.47,76.11.76.47,00000000000000000000000000000000000000000000000000000000000000,|||,|||,|||,|||,|||,|||,|||,|||,|||,|||
144.139.91.187,144.139.91.187,00000000000000000000000000000000000000000000000000000000000000,|||,|||,|||,|||,|||,|||,|||,|||,|||,|||
72.186.137.156,72.186.137.156,00000000000000000000000000000000000000000000000000000000000000,|||,|||,|||,|||,|||,|||,|||,|||,|||,|||
190.97.167.130,190.97.167.130,00000000000000000000000000000000000000000000000000000000000000,|||,|||,|||,|||,|||,|||,|||,|||,|||,|||
190.131.167.50,190.131.167.50,00000000000000000000000000000000000000000000000000000000000000,|||,|||,|||,|||,|||,|||,|||,|||,|||,|||
58.92.179.55,58.92.179.55,00000000000000000000000000000000000000000000000000000000000000,|||,|||,|||,|||,|||,|||,|||,|||,|||,|||
177.103.240.93,177.103.240.93,00000000000000000000000000000000000000000000000000000000000000,|||,|||,|||,|||,|||,|||,|||,|||,|||,|||
143.95.101.72,143.95.101.72,00000000000000000000000000000000000000000000000000000000000000,|||,|||,|||,|||,|||,|||,|||,|||,|||,|||
198.57.217.170,198.57.217.170,00000000000000000000000000000000000000000000000000000000000000,|||,|||,|||,|||,|||,|||,|||,|||,|||,|||
197.89.27.26,197.89.27.26,00000000000000000000000000000000000000000000000000000000000000,|||,|||,|||,|||,|||,|||,|||,|||,|||,|||
200.71.200.4,200.71.200.4,00000000000000000000000000000000000000000000000000000000000000,|||,|||,|||,|||,|||,|||,|||,|||,|||,|||
167.71.10.37,167.71.10.37,00000000000000000000000000000000000000000000000000000000000000,|||,|||,|||,|||,|||,|||,|||,|||,|||,|||
154.73.137.131,154.73.137.131,00000000000000000000000000000000000000000000000000000000000000,|||,|||,|||,|||,|||,|||,|||,|||,|||,|||
185.173.39.49,185.173.39.49,00000000000000000000000000000000000000000000000000000000000000,|||,|||,|||,|||,|||,|||,|||,|||,|||,|||
197.94.32.129,197.94.32.129,00000000000000000000000000000000000000000000000000000000000000,|||,|||,|||,|||,|||,|||,|||,|||,|||,|||
24.164.79.147,24.164.79.147,00000000000000000000000000000000000000000000000000000000000000,|||,|||,|||,|||,|||,|||,|||,|||,|||,|||
68.174.15.223,68.174.15.223,00000000000000000000000000000000000000000000000000000000000000,|||,|||,|||,|||,|||,|||,|||,|||,|||,|||
190.114.244.182,190.114.244.182,00000000000000000000000000000000000000000000000000000000000000,|||,|||,|||,|||,|||,|||,|||,|||,|||,|||
177.242.21.126,177.242.21.126,00000000000000000000000000000000000000000000000000000000000000,|||,|||,|||,|||,|||,|||,|||,|||,|||,|||
136.243.250.34,136.243.250.34,00000000000000000000000000000000000000000000000000000000000000,|||,|||,|||,|||,|||,|||,|||,|||,|||,|||
98.156.206.153,98.156.206.153,00000000000000000000000000000000000000000000000000000000000000,|||,|||,|||,|||,|||,|||,|||,|||,|||,|||
186.10.98.177,186.10.98.177,00000000000000000000000000000000000000000000000000000000000000,|||,|||,|||,|||,|||,|||,|||,|||,|||,|||
70.184.69.146,70.184.69.146,00000000000000000000000000000000000000000000000000000000000000,|||,|||,|||,|||,|||,|||,|||,|||,|||,|||
72.189.57.105,72.189.57.105,00000000000000000000000000000000000000000000000000000000000000,|||,|||,|||,|||,|||,|||,|||,|||,|||,|||
76.87.58.38,76.87.58.38,00000000000000000000000000000000000000000000000000000000000000,|||,|||,|||,|||,|||,|||,|||,|||,|||,|||
190.117.126.169,190.117.126.169,00000000000000000000000000000000000000000000000000000000000000,|||,|||,|||,|||,|||,|||,|||,|||,|||,|||
124.150.175.133,124.150.175.133,00000000000000000000000000000000000000000000000000000000000000,|||,|||,|||,|||,|||,|||,|||,|||,|||,|||
