89.101.97.139,89.101.97.139,00000000000000000000000000000000000000000000000000000000000000,|||,|||,|||,|||,|||,|||,|||,|||,|||,|||
41.228.22.180,41.228.22.180,00000000000000000000000000000000000000000000000000000000000000,|||,|||,|||,|||,|||,|||,|||,|||,|||,|||
85.226.176.123,85.226.176.123,00000000000000000000000000000000000000000000000000000000000000,|||,|||,|||,|||,|||,|||,|||,|||,|||,|||
77.79.56.210,77.79.56.210,00000000000000000000000000000000000000000000000000000000000000,|||,|||,|||,|||,|||,|||,|||,|||,|||,|||
92.59.35.196,92.59.35.196,00000000000000000000000000000000000000000000000000000000000000,|||,|||,|||,|||,|||,|||,|||,|||,|||,|||
41.235.58.200,41.235.58.200,00000000000000000000000000000000000000000000000000000000000000,|||,|||,|||,|||,|||,|||,|||,|||,|||,|||
217.17.56.163,217.17.56.163,04d02d00004d04d04c04d02d04d04d9674c6b4e623ae36cc2d998e99e2262e,000a|0303||ff01-0023,0005|0303||ff01-0023,|||,000a|0303||ff01-0023,000a|0303||ff01-0023,000a|0302||ff01-0023,000a|0303||ff01-0023,0005|0303||ff01-0023,000a|0303||ff01-0023,000a|0303||ff01-0023
136.143.11.232,136.143.11.232,04d02d00004d04d04c04d02d04d04d9674c6b4e623ae36cc2d998e99e2262e,000a|0303||ff01-0023,0005|0303||ff01-0023,|||,000a|0303||ff01-0023,000a|0303||ff01-0023,000a|0302||ff01-0023,000a|0303||ff01-0023,0005|0303||ff01-0023,000a|0303||ff01-0023,000a|0303||ff01-0023
96.246.158.154,96.246.158.154,00000000000000000000000000000000000000000000000000000000000000,|||,|||,|||,|||,|||,|||,|||,|||,|||,|||
24.152.219.253,24.152.219.253,00000000000000000000000000000000000000000000000000000000000000,|||,|||,|||,|||,|||,|||,|||,|||,|||,|||
209.142.97.161,209.142.97.161,00000000000000000000000000000000000000000000000000000000000000,|||,|||,|||,|||,|||,|||,|||,|||,|||,|||
45.9.20.200,45.9.20.200,04d02d00004d04d04c04d02d04d04d9674c6b4e623ae36cc2d998e99e2262e,000a|0303||ff01-0023,0005|0303||ff01-0023,|||,000a|0303||ff01-0023,000a|0303||ff01-0023,000a|0302||ff01-0023,000a|0303||ff01-0023,0005|0303||ff01-0023,000a|0303||ff01-0023,000a|0303||ff01-0023
98.157.235.126,98.157.235.126,00000000000000000000000000000000000000000000000000000000000000,|||,|||,|||,|||,|||,|||,|||,|||,|||,|||
38.10.197.234,38.10.197.234,00000000000000000000000000000000000000000000000000000000000000,|||,|||,|||,|||,|||,|||,|||,|||,|||,|||
117.248.109.38,117.248.109.38,00000000000000000000000000000000000000000000000000000000000000,|||,|||,|||,|||,|||,|||,|||,|||,|||,|||
38.70.253.226,38.70.253.226,00000000000000000000000000000000000000000000000000000000000000,|||,|||,|||,|||,|||,|||,|||,|||,|||,|||
65.100.174.110,65.100.174.110,00000000000000000000000000000000000000000000000000000000000000,|||,|||,|||,|||,|||,|||,|||,|||,|||,|||
65.100.174.110,65.100.174.110,00000000000000000000000000000000000000000000000000000000000000,|||,|||,|||,|||,|||,|||,|||,|||,|||,|||
65.100.174.110,65.100.174.110,00000000000000000000000000000000000000000000000000000000000000,|||,|||,|||,|||,|||,|||,|||,|||,|||,|||
70.93.80.154,70.93.80.154,00000000000000000000000000000000000000000000000000000000000000,|||,|||,|||,|||,|||,|||,|||,|||,|||,|||
201.93.111.2,201.93.111.2,00000000000000000000000000000000000000000000000000000000000000,|||,|||,|||,|||,|||,|||,|||,|||,|||,|||
207.246.112.221,207.246.112.221,20d08b20d21d20d20c42d08b20b41d6de8da07a3d19017ef127785dde06db6,c012|0303|http/1.1|0023-ff01-0010,0035|0301|http/1.1|0023-ff01-0010,c012|0303|http/1.1|0023-ff01-0010,c013|0303||0023-ff01,c012|0303||0023-ff01,c012|0302|http/1.1|0023-ff01-0010,1302|0303||002b-0033,0035|0301|http/1.1|0023-ff01-0010,c012|0301|http/1.1|0023-ff01-0010,1301|0303||002b-0033
207.246.112.221,207.246.112.221,20d08b20d21d20d20c42d08b20b41d6de8da07a3d19017ef127785dde06db6,c012|0303|http/1.1|0023-ff01-0010,0035|0301|http/1.1|0023-ff01-0010,c012|0303|http/1.1|0023-ff01-0010,c013|0303||0023-ff01,c012|0303||0023-ff01,c012|0302|http/1.1|0023-ff01-0010,1302|0303||002b-0033,0035|0301|http/1.1|0023-ff01-0010,c012|0301|http/1.1|0023-ff01-0010,1301|0303||002b-0033
71.13.93.154,71.13.93.154,04d02d00004d04d04c04d02d04d04d9674c6b4e623ae36cc2d998e99e2262e,000a|0303||ff01-0023,0005|0303||ff01-0023,|||,000a|0303||ff01-0023,000a|0303||ff01-0023,000a|0302||ff01-0023,000a|0303||ff01-0023,0005|0303||ff01-0023,000a|0303||ff01-0023,000a|0303||ff01-0023
94.200.181.154,94.200.181.154,04d02d00004d04d04c04d02d04d04d9674c6b4e623ae36cc2d998e99e2262e,000a|0303||ff01-0023,0005|0303||ff01-0023,|||,000a|0303||ff01-0023,000a|0303||ff01-0023,000a|0302||ff01-0023,000a|0303||ff01-0023,0005|0303||ff01-0023,000a|0303||ff01-0023,000a|0303||ff01-0023
173.21.10.71,173.21.10.71,04d02d00004d04d04c04d02d04d04d9674c6b4e623ae36cc2d998e99e2262e,000a|0303||ff01-0023,0005|0303||ff01-0023,|||,000a|0303||ff01-0023,000a|0303||ff01-0023,000a|0302||ff01-0023,000a|0303||ff01-0023,0005|0303||ff01-0023,000a|0303||ff01-0023,000a|0303||ff01-0023
71.13.93.154,71.13.93.154,04d02d00004d04d04c04d02d04d04d9674c6b4e623ae36cc2d998e99e2262e,000a|0303||ff01-0023,0005|0303||ff01-0023,|||,000a|0303||ff01-0023,000a|0303||ff01-0023,000a|0302||ff01-0023,000a|0303||ff01-0023,0005|0303||ff01-0023,000a|0303||ff01-0023,000a|0303||ff01-0023
71.13.93.154,71.13.93.154,04d02d00004d04d04c04d02d04d04d9674c6b4e623ae36cc2d998e99e2262e,000a|0303||ff01-0023,0005|0303||ff01-0023,|||,000a|0303||ff01-0023,000a|0303||ff01-0023,000a|0302||ff01-0023,000a|0303||ff01-0023,0005|0303||ff01-0023,000a|0303||ff01-0023,000a|0303||ff01-0023
75.188.35.168,75.188.35.168,04d02d00004d04d04c04d02d04d04d9674c6b4e623ae36cc2d998e99e2262e,000a|0303||ff01-0023,0005|0303||ff01-0023,|||,000a|0303||ff01-0023,000a|0303||ff01-0023,000a|0302||ff01-0023,000a|0303||ff01-0023,0005|0303||ff01-0023,000a|0303||ff01-0023,000a|0303||ff01-0023
76.25.142.196,76.25.142.196,04d02d00004d04d04c04d02d04d04d9674c6b4e623ae36cc2d998e99e2262e,000a|0303||ff01-0023,0005|0303||ff01-0023,|||,000a|0303||ff01-0023,000a|0303||ff01-0023,000a|0302||ff01-0023,000a|0303||ff01-0023,0005|0303||ff01-0023,000a|0303||ff01-0023,000a|0303||ff01-0023
216.238.71.31,216.238.71.31,20d08b20d21d20d20c42d08b20b41d6de8da07a3d19017ef127785dde06db6,c012|0303|http/1.1|0023-ff01-0010,0035|0301|http/1.1|0023-ff01-0010,c012|0303|http/1.1|0023-ff01-0010,c013|0303||0023-ff01,c012|0303||0023-ff01,c012|0302|http/1.1|0023-ff01-0010,1302|0303||002b-0033,0035|0301|http/1.1|0023-ff01-0010,c012|0301|http/1.1|0023-ff01-0010,1301|0303||002b-0033
216.238.72.121,216.238.72.121,20d08b20d21d20d20c42d08b20b41d6de8da07a3d19017ef127785dde06db6,c012|0303|http/1.1|0023-ff01-0010,0035|0301|http/1.1|0023-ff01-0010,c012|0303|http/1.1|0023-ff01-0010,c013|0303||0023-ff01,c012|0303||0023-ff01,c012|0302|http/1.1|0023-ff01-0010,1302|0303||002b-0033,0035|0301|http/1.1|0023-ff01-0010,c012|0301|http/1.1|0023-ff01-0010,1301|0303||002b-0033
216.238.71.31,216.238.71.31,20d08b20d21d20d20c42d08b20b41d6de8da07a3d19017ef127785dde06db6,c012|0303|http/1.1|0023-ff01-0010,0035|0301|http/1.1|0023-ff01-0010,c012|0303|http/1.1|0023-ff01-0010,c013|0303||0023-ff01,c012|0303||0023-ff01,c012|0302|http/1.1|0023-ff01-0010,1302|0303||002b-0033,0035|0301|http/1.1|0023-ff01-0010,c012|0301|http/1.1|0023-ff01-0010,1301|0303||002b-0033
216.238.72.121,216.238.72.121,20d08b20d21d20d20c42d08b20b41d6de8da07a3d19017ef127785dde06db6,c012|0303|http/1.1|0023-ff01-0010,0035|0301|http/1.1|0023-ff01-0010,c012|0303|http/1.1|0023-ff01-0010,c013|0303||0023-ff01,c012|0303||0023-ff01,c012|0302|http/1.1|0023-ff01-0010,1302|0303||002b-0033,0035|0301|http/1.1|0023-ff01-0010,c012|0301|http/1.1|0023-ff01-0010,1301|0303||002b-0033
120.150.218.241,120.150.218.241,00000000000000000000000000000000000000000000000000000000000000,|||,|||,|||,|||,|||,|||,|||,|||,|||,|||
190.73.3.148,190.73.3.148,04d02d00004d04d04c04d02d04d04d9674c6b4e623ae36cc2d998e99e2262e,000a|0303||ff01-0023,0005|0303||ff01-0023,|||,000a|0303||ff01-0023,000a|0303||ff01-0023,000a|0302||ff01-0023,000a|0303||ff01-0023,0005|0303||ff01-0023,000a|0303||ff01-0023,000a|0303||ff01-0023
177.172.5.228,177.172.5.228,04d02d00004d04d04c04d02d04d04d9674c6b4e623ae36cc2d998e99e2262e,000a|0303||ff01-0023,0005|0303||ff01-0023,|||,000a|0303||ff01-0023,000a|0303||ff01-0023,000a|0302||ff01-0023,000a|0303||ff01-0023,0005|0303||ff01-0023,000a|0303||ff01-0023,000a|0303||ff01-0023
189.135.98.193,189.135.98.193,04d02d00004d04d04c04d02d04d04d9674c6b4e623ae36cc2d998e99e2262e,000a|0303||ff01-0023,0005|0303||ff01-0023,|||,000a|0303||ff01-0023,000a|0303||ff01-0023,000a|0302||ff01-0023,000a|0303||ff01-0023,0005|0303||ff01-0023,000a|0303||ff01-0023,000a|0303||ff01-0023
181.118.183.27,181.118.183.27,04d02d00004d04d04c04d02d04d04d9674c6b4e623ae36cc2d998e99e2262e,000a|0303||ff01-0023,0005|0303||ff01-0023,|||,000a|0303||ff01-0023,000a|0303||ff01-0023,000a|0302||ff01-0023,000a|0303||ff01-0023,0005|0303||ff01-0023,000a|0303||ff01-0023,000a|0303||ff01-0023
71.74.12.34,71.74.12.34,04d02d00004d04d04c04d02d04d04d9674c6b4e623ae36cc2d998e99e2262e,000a|0303||ff01-0023,0005|0303||ff01-0023,|||,000a|0303||ff01-0023,000a|0303||ff01-0023,000a|0302||ff01-0023,000a|0303||ff01-0023,0005|0303||ff01-0023,000a|0303||ff01-0023,000a|0303||ff01-0023
188.50.169.158,188.50.169.158,00000000000000000000000000000000000000000000000000000000000000,|||,|||,|||,|||,|||,|||,|||,|||,|||,|||
47.22.148.6,47.22.148.6,00000000000000000000000000000000000000000000000000000000000000,|||,|||,|||,|||,|||,|||,|||,|||,|||,|||
199.27.127.129,199.27.127.129,00000000000000000000000000000000000000000000000000000000000000,|||,|||,|||,|||,|||,|||,|||,|||,|||,|||
81.250.153.227,81.250.153.227,00000000000000000000000000000000000000000000000000000000000000,|||,|||,|||,|||,|||,|||,|||,|||,|||,|||
81.241.252.59,81.241.252.59,00000000000000000000000000000000000000000000000000000000000000,|||,|||,|||,|||,|||,|||,|||,|||,|||,|||
103.148.120.144,103.148.120.144,00000000000000000000000000000000000000000000000000000000000000,|||,|||,|||,|||,|||,|||,|||,|||,|||,|||
185.250.148.74,185.250.148.74,00000000000000000000000000000000000000000000000000000000000000,|||,|||,|||,|||,|||,|||,|||,|||,|||,|||
75.66.88.33,75.66.88.33,00000000000000000000000000000000000000000000000000000000000000,|||,|||,|||,|||,|||,|||,|||,|||,|||,|||
50.29.166.232,50.29.166.232,00000000000000000000000000000000000000000000000000000000000000,|||,|||,|||,|||,|||,|||,|||,|||,|||,|||
81.214.126.173,81.214.126.173,00000000000000000000000000000000000000000000000000000000000000,|||,|||,|||,|||,|||,|||,|||,|||,|||,|||
167.248.111.245,167.248.111.245,00000000000000000000000000000000000000000000000000000000000000,|||,|||,|||,|||,|||,|||,|||,|||,|||,|||
96.57.188.174,96.57.188.174,00000000000000000000000000000000000000000000000000000000000000,|||,|||,|||,|||,|||,|||,|||,|||,|||,|||
217.17.56.163,217.17.56.163,00000000000000000000000000000000000000000000000000000000000000,|||,|||,|||,|||,|||,|||,|||,|||,|||,|||
122.11.220.212,122.11.220.212,00000000000000000000000000000000000000000000000000000000000000,|||,|||,|||,|||,|||,|||,|||,|||,|||,|||
103.142.10.177,103.142.10.177,00000000000000000000000000000000000000000000000000000000000000,|||,|||,|||,|||,|||,|||,|||,|||,|||,|||
68.186.192.69,68.186.192.69,00000000000000000000000000000000000000000000000000000000000000,|||,|||,|||,|||,|||,|||,|||,|||,|||,|||
73.230.205.91,73.230.205.91,00000000000000000000000000000000000000000000000000000000000000,|||,|||,|||,|||,|||,|||,|||,|||,|||,|||
2.99.100.134,2.99.100.134,00000000000000000000000000000000000000000000000000000000000000,|||,|||,|||,|||,|||,|||,|||,|||,|||,|||
74.72.237.54,74.72.237.54,00000000000000000000000000000000000000000000000000000000000000,|||,|||,|||,|||,|||,|||,|||,|||,|||,|||
167.248.81.60,167.248.81.60,00000000000000000000000000000000000000000000000000000000000000,|||,|||,|||,|||,|||,|||,|||,|||,|||,|||
181.4.53.6,181.4.53.6,00000000000000000000000000000000000000000000000000000000000000,|||,|||,|||,|||,|||,|||,|||,|||,|||,|||
144.139.47.206,144.139.47.206,00000000000000000000000000000000000000000000000000000000000000,|||,|||,|||,|||,|||,|||,|||,|||,|||,|||
69.30.186.190,69.30.186.190,00000000000000000000000000000000000000000000000000000000000000,|||,|||,|||,|||,|||,|||,|||,|||,|||,|||
66.103.170.104,66.103.170.104,00000000000000000000000000000000000000000000000000000000000000,|||,|||,|||,|||,|||,|||,|||,|||,|||,|||
77.57.204.78,77.57.204.78,00000000000000000000000000000000000000000000000000000000000000,|||,|||,|||,|||,|||,|||,|||,|||,|||,|||
27.223.92.142,27.223.92.142,00000000000000000000000000000000000000000000000000000000000000,|||,|||,|||,|||,|||,|||,|||,|||,|||,|||
167.248.117.81,167.248.117.81,00000000000000000000000000000000000000000000000000000000000000,|||,|||,|||,|||,|||,|||,|||,|||,|||,|||
2.222.167.138,2.222.167.138,00000000000000000000000000000000000000000000000000000000000000,|||,|||,|||,|||,|||,|||,|||,|||,|||,|||
75.131.217.182,75.131.217.182,00000000000000000000000000000000000000000000000000000000000000,|||,|||,|||,|||,|||,|||,|||,|||,|||,|||
72.252.201.69,72.252.201.69,00000000000000000000000000000000000000000000000000000000000000,|||,|||,|||,|||,|||,|||,|||,|||,|||,|||
86.8.177.143,86.8.177.143,00000000000000000000000000000000000000000000000000000000000000,|||,|||,|||,|||,|||,|||,|||,|||,|||,|||
209.236.35.178,209.236.35.178,00000000000000000000000000000000000000000000000000000000000000,|||,|||,|||,|||,|||,|||,|||,|||,|||,|||
136.232.34.70,136.232.34.70,00000000000000000000000000000000000000000000000000000000000000,|||,|||,|||,|||,|||,|||,|||,|||,|||,|||
120.151.47.189,120.151.47.189,00000000000000000000000000000000000000000000000000000000000000,|||,|||,|||,|||,|||,|||,|||,|||,|||,|||
40.131.140.155,40.131.140.155,00000000000000000000000000000000000000000000000000000000000000,|||,|||,|||,|||,|||,|||,|||,|||,|||,|||
177.170.201.134,177.170.201.134,00000000000000000000000000000000000000000000000000000000000000,|||,|||,|||,|||,|||,|||,|||,|||,|||,|||
110.174.64.179,110.174.64.179,00000000000000000000000000000000000000000000000000000000000000,|||,|||,|||,|||,|||,|||,|||,|||,|||,|||
80.6.192.58,80.6.192.58,00000000000000000000000000000000000000000000000000000000000000,|||,|||,|||,|||,|||,|||,|||,|||,|||,|||
202.134.178.157,202.134.178.157,00000000000000000000000000000000000000000000000000000000000000,|||,|||,|||,|||,|||,|||,|||,|||,|||,|||
41.86.42.158,41.86.42.158,00000000000000000000000000000000000000000000000000000000000000,|||,|||,|||,|||,|||,|||,|||,|||,|||,|||
73.77.87.137,73.77.87.137,00000000000000000000000000000000000000000000000000000000000000,|||,|||,|||,|||,|||,|||,|||,|||,|||,|||
66.177.215.152,66.177.215.152,00000000000000000000000000000000000000000000000000000000000000,|||,|||,|||,|||,|||,|||,|||,|||,|||,|||
89.137.52.44,89.137.52.44,00000000000000000000000000000000000000000000000000000000000000,|||,|||,|||,|||,|||,|||,|||,|||,|||,|||
24.119.214.7,24.119.214.7,00000000000000000000000000000000000000000000000000000000000000,|||,|||,|||,|||,|||,|||,|||,|||,|||,|||
181.118.183.94,181.118.183.94,00000000000000000000000000000000000000000000000000000000000000,|||,|||,|||,|||,|||,|||,|||,|||,|||,|||
105.198.236.99,105.198.236.99,00000000000000000000000000000000000000000000000000000000000000,|||,|||,|||,|||,|||,|||,|||,|||,|||,|||
72.173.78.211,72.173.78.211,00000000000000000000000000000000000000000000000000000000000000,|||,|||,|||,|||,|||,|||,|||,|||,|||,|||
220.255.25.28,220.255.25.28,00000000000000000000000000000000000000000000000000000000000000,|||,|||,|||,|||,|||,|||,|||,|||,|||,|||
174.54.193.186,174.54.193.186,00000000000000000000000000000000000000000000000000000000000000,|||,|||,|||,|||,|||,|||,|||,|||,|||,|||
73.140.38.124,73.140.38.124,00000000000000000000000000000000000000000000000000000000000000,|||,|||,|||,|||,|||,|||,|||,|||,|||,|||
37.210.152.224,37.210.152.224,00000000000000000000000000000000000000000000000000000000000000,|||,|||,|||,|||,|||,|||,|||,|||,|||,|||
67.165.206.193,67.165.206.193,00000000000000000000000000000000000000000000000000000000000000,|||,|||,|||,|||,|||,|||,|||,|||,|||,|||
73.52.50.32,73.52.50.32,00000000000000000000000000000000000000000000000000000000000000,|||,|||,|||,|||,|||,|||,|||,|||,|||,|||
47.40.196.233,47.40.196.233,00000000000000000000000000000000000000000000000000000000000000,|||,|||,|||,|||,|||,|||,|||,|||,|||,|||
173.25.162.221,173.25.162.221,00000000000000000000000000000000000000000000000000000000000000,|||,|||,|||,|||,|||,|||,|||,|||,|||,|||
41.86.42.158,41.86.42.158,00000000000000000000000000000000000000000000000000000000000000,|||,|||,|||,|||,|||,|||,|||,|||,|||,|||
109.12.111.14,109.12.111.14,00000000000000000000000000000000000000000000000000000000000000,|||,|||,|||,|||,|||,|||,|||,|||,|||,|||
188.50.26.190,188.50.26.190,00000000000000000000000000000000000000000000000000000000000000,|||,|||,|||,|||,|||,|||,|||,|||,|||,|||
124.123.42.115,124.123.42.115,00000000000000000000000000000000000000000000000000000000000000,|||,|||,|||,|||,|||,|||,|||,|||,|||,|||
216.201.162.158,216.201.162.158,00000000000000000000000000000000000000000000000000000000000000,|||,|||,|||,|||,|||,|||,|||,|||,|||,|||
186.32.163.199,186.32.163.199,00000000000000000000000000000000000000000000000000000000000000,|||,|||,|||,|||,|||,|||,|||,|||,|||,|||
73.77.87.137,73.77.87.137,00000000000000000000000000000000000000000000000000000000000000,|||,|||,|||,|||,|||,|||,|||,|||,|||,|||
45.46.53.140,45.46.53.140,00000000000000000000000000000000000000000000000000000000000000,|||,|||,|||,|||,|||,|||,|||,|||,|||,|||
209.50.20.255,209.50.20.255,00000000000000000000000000000000000000000000000000000000000000,|||,|||,|||,|||,|||,|||,|||,|||,|||,|||
24.231.209.2,24.231.209.2,00000000000000000000000000000000000000000000000000000000000000,|||,|||,|||,|||,|||,|||,|||,|||,|||,|||
78.105.213.151,78.105.213.151,00000000000000000000000000000000000000000000000000000000000000,|||,|||,|||,|||,|||,|||,|||,|||,|||,|||
208.78.220.143,208.78.220.143,00000000000000000000000000000000000000000000000000000000000000,|||,|||,|||,|||,|||,|||,|||,|||,|||,|||
85.109.229.54,85.109.229.54,00000000000000000000000000000000000000000000000000000000000000,|||,|||,|||,|||,|||,|||,|||,|||,|||,|||
187.75.66.160,187.75.66.160,00000000000000000000000000000000000000000000000000000000000000,|||,|||,|||,|||,|||,|||,|||,|||,|||,|||
24.229.150.54,24.229.150.54,00000000000000000000000000000000000000000000000000000000000000,|||,|||,|||,|||,|||,|||,|||,|||,|||,|||
200.232.214.222,200.232.214.222,00000000000000000000000000000000000000000000000000000000000000,|||,|||,|||,|||,|||,|||,|||,|||,|||,|||
187.172.240.28,187.172.240.28,00000000000000000000000000000000000000000000000000000000000000,|||,|||,|||,|||,|||,|||,|||,|||,|||,|||
93.48.58.123,93.48.58.123,00000000000000000000000000000000000000000000000000000000000000,|||,|||,|||,|||,|||,|||,|||,|||,|||,|||
50.194.160.233,50.194.160.233,00000000000000000000000000000000000000000000000000000000000000,|||,|||,|||,|||,|||,|||,|||,|||,|||,|||
189.135.16.92,189.135.16.92,00000000000000000000000000000000000000000000000000000000000000,|||,|||,|||,|||,|||,|||,|||,|||,|||,|||
203.213.107.174,203.213.107.174,00000000000000000000000000000000000000000000000000000000000000,|||,|||,|||,|||,|||,|||,|||,|||,|||,|||
63.143.92.99,63.143.92.99,00000000000000000000000000000000000000000000000000000000000000,|||,|||,|||,|||,|||,|||,|||,|||,|||,|||
68.204.7.158,68.204.7.158,00000000000000000000000000000000000000000000000000000000000000,|||,|||,|||,|||,|||,|||,|||,|||,|||,|||
24.139.72.117,24.139.72.117,00000000000000000000000000000000000000000000000000000000000000,|||,|||,|||,|||,|||,|||,|||,|||,|||,|||
37.210.155.239,37.210.155.239,00000000000000000000000000000000000000000000000000000000000000,|||,|||,|||,|||,|||,|||,|||,|||,|||,|||
217.17.56.163,217.17.56.163,00000000000000000000000000000000000000000000000000000000000000,|||,|||,|||,|||,|||,|||,|||,|||,|||,|||
24.55.112.61,24.55.112.61,00000000000000000000000000000000000000000000000000000000000000,|||,|||,|||,|||,|||,|||,|||,|||,|||,|||
37.117.191.19,37.117.191.19,00000000000000000000000000000000000000000000000000000000000000,|||,|||,|||,|||,|||,|||,|||,|||,|||,|||
201.68.60.118,201.68.60.118,00000000000000000000000000000000000000000000000000000000000000,|||,|||,|||,|||,|||,|||,|||,|||,|||,|||
65.100.174.110,65.100.174.110,00000000000000000000000000000000000000000000000000000000000000,|||,|||,|||,|||,|||,|||,|||,|||,|||,|||
96.37.113.36,96.37.113.36,00000000000000000000000000000000000000000000000000000000000000,|||,|||,|||,|||,|||,|||,|||,|||,|||,|||
136.232.254.46,136.232.254.46,00000000000000000000000000000000000000000000000000000000000000,|||,|||,|||,|||,|||,|||,|||,|||,|||,|||
78.179.137.102,78.179.137.102,00000000000000000000000000000000000000000000000000000000000000,|||,|||,|||,|||,|||,|||,|||,|||,|||,|||
77.31.162.93,77.31.162.93,00000000000000000000000000000000000000000000000000000000000000,|||,|||,|||,|||,|||,|||,|||,|||,|||,|||
65.100.174.110,65.100.174.110,00000000000000000000000000000000000000000000000000000000000000,|||,|||,|||,|||,|||,|||,|||,|||,|||,|||
189.147.159.42,189.147.159.42,00000000000000000000000000000000000000000000000000000000000000,|||,|||,|||,|||,|||,|||,|||,|||,|||,|||
68.117.229.117,68.117.229.117,00000000000000000000000000000000000000000000000000000000000000,|||,|||,|||,|||,|||,|||,|||,|||,|||,|||
196.207.140.40,196.207.140.40,00000000000000000000000000000000000000000000000000000000000000,|||,|||,|||,|||,|||,|||,|||,|||,|||,|||
173.22.178.66,173.22.178.66,00000000000000000000000000000000000000000000000000000000000000,|||,|||,|||,|||,|||,|||,|||,|||,|||,|||
187.250.159.104,187.250.159.104,00000000000000000000000000000000000000000000000000000000000000,|||,|||,|||,|||,|||,|||,|||,|||,|||,|||
73.151.236.31,73.151.236.31,00000000000000000000000000000000000000000000000000000000000000,|||,|||,|||,|||,|||,|||,|||,|||,|||,|||
73.25.109.183,73.25.109.183,00000000000000000000000000000000000000000000000000000000000000,|||,|||,|||,|||,|||,|||,|||,|||,|||,|||
146.66.238.74,146.66.238.74,00000000000000000000000000000000000000000000000000000000000000,|||,|||,|||,|||,|||,|||,|||,|||,|||,|||
72.252.201.69,72.252.201.69,00000000000000000000000000000000000000000000000000000000000000,|||,|||,|||,|||,|||,|||,|||,|||,|||,|||
189.252.166.130,189.252.166.130,00000000000000000000000000000000000000000000000000000000000000,|||,|||,|||,|||,|||,|||,|||,|||,|||,|||
197.89.144.200,197.89.144.200,00000000000000000000000000000000000000000000000000000000000000,|||,|||,|||,|||,|||,|||,|||,|||,|||,|||
182.176.180.73,182.176.180.73,00000000000000000000000000000000000000000000000000000000000000,|||,|||,|||,|||,|||,|||,|||,|||,|||,|||
103.82.211.39,103.82.211.39,00000000000000000000000000000000000000000000000000000000000000,|||,|||,|||,|||,|||,|||,|||,|||,|||,|||
91.178.126.51,91.178.126.51,00000000000000000000000000000000000000000000000000000000000000,|||,|||,|||,|||,|||,|||,|||,|||,|||,|||
187.156.169.68,187.156.169.68,00000000000000000000000000000000000000000000000000000000000000,|||,|||,|||,|||,|||,|||,|||,|||,|||,|||
98.203.26.168,98.203.26.168,00000000000000000000000000000000000000000000000000000000000000,|||,|||,|||,|||,|||,|||,|||,|||,|||,|||
213.60.210.85,213.60.210.85,00000000000000000000000000000000000000000000000000000000000000,|||,|||,|||,|||,|||,|||,|||,|||,|||,|||
103.82.211.39,103.82.211.39,00000000000000000000000000000000000000000000000000000000000000,|||,|||,|||,|||,|||,|||,|||,|||,|||,|||
189.152.1.4,189.152.1.4,00000000000000000000000000000000000000000000000000000000000000,|||,|||,|||,|||,|||,|||,|||,|||,|||,|||
39.49.64.244,39.49.64.244,00000000000000000000000000000000000000000000000000000000000000,|||,|||,|||,|||,|||,|||,|||,|||,|||,|||
49.206.29.127,49.206.29.127,00000000000000000000000000000000000000000000000000000000000000,|||,|||,|||,|||,|||,|||,|||,|||,|||,|||
189.146.41.71,189.146.41.71,00000000000000000000000000000000000000000000000000000000000000,|||,|||,|||,|||,|||,|||,|||,|||,|||,|||
50.194.160.233,50.194.160.233,00000000000000000000000000000000000000000000000000000000000000,|||,|||,|||,|||,|||,|||,|||,|||,|||,|||
45.9.20.200,45.9.20.200,00000000000000000000000000000000000000000000000000000000000000,|||,|||,|||,|||,|||,|||,|||,|||,|||,|||
100.1.119.41,100.1.119.41,00000000000000000000000000000000000000000000000000000000000000,|||,|||,|||,|||,|||,|||,|||,|||,|||,|||
122.60.71.201,122.60.71.201,00000000000000000000000000000000000000000000000000000000000000,|||,|||,|||,|||,|||,|||,|||,|||,|||,|||
67.230.44.194,67.230.44.194,00000000000000000000000000000000000000000000000000000000000000,|||,|||,|||,|||,|||,|||,|||,|||,|||,|||
188.55.249.239,188.55.249.239,00000000000000000000000000000000000000000000000000000000000000,|||,|||,|||,|||,|||,|||,|||,|||,|||,|||
78.191.38.33,78.191.38.33,00000000000000000000000000000000000000000000000000000000000000,|||,|||,|||,|||,|||,|||,|||,|||,|||,|||
174.76.17.43,174.76.17.43,00000000000000000000000000000000000000000000000000000000000000,|||,|||,|||,|||,|||,|||,|||,|||,|||,|||
115.96.64.9,115.96.64.9,00000000000000000000000000000000000000000000000000000000000000,|||,|||,|||,|||,|||,|||,|||,|||,|||,|||
176.45.11.226,176.45.11.226,00000000000000000000000000000000000000000000000000000000000000,|||,|||,|||,|||,|||,|||,|||,|||,|||,|||
50.194.160.233,50.194.160.233,00000000000000000000000000000000000000000000000000000000000000,|||,|||,|||,|||,|||,|||,|||,|||,|||,|||
103.82.211.39,103.82.211.39,00000000000000000000000000000000000000000000000000000000000000,|||,|||,|||,|||,|||,|||,|||,|||,|||,|||
105.198.236.99,105.198.236.99,00000000000000000000000000000000000000000000000000000000000000,|||,|||,|||,|||,|||,|||,|||,|||,|||,|||
103.143.8.71,103.143.8.71,00000000000000000000000000000000000000000000000000000000000000,|||,|||,|||,|||,|||,|||,|||,|||,|||,|||
209.210.95.228,209.210.95.228,00000000000000000000000000000000000000000000000000000000000000,|||,|||,|||,|||,|||,|||,|||,|||,|||,|||
86.220.112.26,86.220.112.26,00000000000000000000000000000000000000000000000000000000000000,|||,|||,|||,|||,|||,|||,|||,|||,|||,|||
39.49.122.240,39.49.122.240,00000000000000000000000000000000000000000000000000000000000000,|||,|||,|||,|||,|||,|||,|||,|||,|||,|||
115.96.62.113,115.96.62.113,00000000000000000000000000000000000000000000000000000000000000,|||,|||,|||,|||,|||,|||,|||,|||,|||,|||
194.36.28.190,194.36.28.190,00000000000000000000000000000000000000000000000000000000000000,|||,|||,|||,|||,|||,|||,|||,|||,|||,|||
102.65.38.185,102.65.38.185,00000000000000000000000000000000000000000000000000000000000000,|||,|||,|||,|||,|||,|||,|||,|||,|||,|||
41.235.72.90,41.235.72.90,00000000000000000000000000000000000000000000000000000000000000,|||,|||,|||,|||,|||,|||,|||,|||,|||,|||
187.149.227.40,187.149.227.40,00000000000000000000000000000000000000000000000000000000000000,|||,|||,|||,|||,|||,|||,|||,|||,|||,|||
176.45.53.222,176.45.53.222,00000000000000000000000000000000000000000000000000000000000000,|||,|||,|||,|||,|||,|||,|||,|||,|||,|||
50.194.160.233,50.194.160.233,00000000000000000000000000000000000000000000000000000000000000,|||,|||,|||,|||,|||,|||,|||,|||,|||,|||
109.133.93.127,109.133.93.127,00000000000000000000000000000000000000000000000000000000000000,|||,|||,|||,|||,|||,|||,|||,|||,|||,|||
123.252.190.14,123.252.190.14,00000000000000000000000000000000000000000000000000000000000000,|||,|||,|||,|||,|||,|||,|||,|||,|||,|||
188.55.243.60,188.55.243.60,00000000000000000000000000000000000000000000000000000000000000,|||,|||,|||,|||,|||,|||,|||,|||,|||,|||
81.213.59.22,81.213.59.22,00000000000000000000000000000000000000000000000000000000000000,|||,|||,|||,|||,|||,|||,|||,|||,|||,|||
197.87.182.139,197.87.182.139,00000000000000000000000000000000000000000000000000000000000000,|||,|||,|||,|||,|||,|||,|||,|||,|||,|||
189.147.249.20,189.147.249.20,00000000000000000000000000000000000000000000000000000000000000,|||,|||,|||,|||,|||,|||,|||,|||,|||,|||
86.152.43.219,86.152.43.219,00000000000000000000000000000000000000000000000000000000000000,|||,|||,|||,|||,|||,|||,|||,|||,|||,|||
181.99.138.132,181.99.138.132,00000000000000000000000000000000000000000000000000000000000000,|||,|||,|||,|||,|||,|||,|||,|||,|||,|||
27.5.5.31,27.5.5.31,00000000000000000000000000000000000000000000000000000000000000,|||,|||,|||,|||,|||,|||,|||,|||,|||,|||
96.21.251.127,96.21.251.127,00000000000000000000000000000000000000000000000000000000000000,|||,|||,|||,|||,|||,|||,|||,|||,|||,|||
197.89.144.19,197.89.144.19,00000000000000000000000000000000000000000000000000000000000000,|||,|||,|||,|||,|||,|||,|||,|||,|||,|||
24.231.209.2,24.231.209.2,00000000000000000000000000000000000000000000000000000000000000,|||,|||,|||,|||,|||,|||,|||,|||,|||,|||
79.160.207.214,79.160.207.214,00000000000000000000000000000000000000000000000000000000000000,|||,|||,|||,|||,|||,|||,|||,|||,|||,|||
201.172.31.95,201.172.31.95,00000000000000000000000000000000000000000000000000000000000000,|||,|||,|||,|||,|||,|||,|||,|||,|||,|||
111.250.29.138,111.250.29.138,00000000000000000000000000000000000000000000000000000000000000,|||,|||,|||,|||,|||,|||,|||,|||,|||,|||
111.250.36.194,111.250.36.194,00000000000000000000000000000000000000000000000000000000000000,|||,|||,|||,|||,|||,|||,|||,|||,|||,|||
115.99.227.13,115.99.227.13,00000000000000000000000000000000000000000000000000000000000000,|||,|||,|||,|||,|||,|||,|||,|||,|||,|||
189.223.33.109,189.223.33.109,00000000000000000000000000000000000000000000000000000000000000,|||,|||,|||,|||,|||,|||,|||,|||,|||,|||
187.156.134.254,187.156.134.254,00000000000000000000000000000000000000000000000000000000000000,|||,|||,|||,|||,|||,|||,|||,|||,|||,|||
201.137.10.225,201.137.10.225,00000000000000000000000000000000000000000000000000000000000000,|||,|||,|||,|||,|||,|||,|||,|||,|||,|||
103.116.178.85,103.116.178.85,00000000000000000000000000000000000000000000000000000000000000,|||,|||,|||,|||,|||,|||,|||,|||,|||,|||
149.28.99.97,149.28.99.97,00000000000000000000000000000000000000000000000000000000000000,|||,|||,|||,|||,|||,|||,|||,|||,|||,|||
47.72.219.120,47.72.219.120,00000000000000000000000000000000000000000000000000000000000000,|||,|||,|||,|||,|||,|||,|||,|||,|||,|||
197.89.144.102,197.89.144.102,00000000000000000000000000000000000000000000000000000000000000,|||,|||,|||,|||,|||,|||,|||,|||,|||,|||
37.208.181.198,37.208.181.198,00000000000000000000000000000000000000000000000000000000000000,|||,|||,|||,|||,|||,|||,|||,|||,|||,|||
129.208.147.188,129.208.147.188,00000000000000000000000000000000000000000000000000000000000000,|||,|||,|||,|||,|||,|||,|||,|||,|||,|||
188.50.34.167,188.50.34.167,00000000000000000000000000000000000000000000000000000000000000,|||,|||,|||,|||,|||,|||,|||,|||,|||,|||
37.208.181.198,37.208.181.198,00000000000000000000000000000000000000000000000000000000000000,|||,|||,|||,|||,|||,|||,|||,|||,|||,|||
41.235.69.115,41.235.69.115,00000000000000000000000000000000000000000000000000000000000000,|||,|||,|||,|||,|||,|||,|||,|||,|||,|||
86.120.85.209,86.120.85.209,00000000000000000000000000000000000000000000000000000000000000,|||,|||,|||,|||,|||,|||,|||,|||,|||,|||
93.48.80.198,93.48.80.198,00000000000000000000000000000000000000000000000000000000000000,|||,|||,|||,|||,|||,|||,|||,|||,|||,|||
24.231.209.2,24.231.209.2,00000000000000000000000000000000000000000000000000000000000000,|||,|||,|||,|||,|||,|||,|||,|||,|||,|||
85.219.187.72,85.219.187.72,00000000000000000000000000000000000000000000000000000000000000,|||,|||,|||,|||,|||,|||,|||,|||,|||,|||
108.4.67.252,108.4.67.252,00000000000000000000000000000000000000000000000000000000000000,|||,|||,|||,|||,|||,|||,|||,|||,|||,|||
103.150.40.76,103.150.40.76,00000000000000000000000000000000000000000000000000000000000000,|||,|||,|||,|||,|||,|||,|||,|||,|||,|||
88.226.225.168,88.226.225.168,00000000000000000000000000000000000000000000000000000000000000,|||,|||,|||,|||,|||,|||,|||,|||,|||,|||
87.242.20.233,87.242.20.233,00000000000000000000000000000000000000000000000000000000000000,|||,|||,|||,|||,|||,|||,|||,|||,|||,|||
189.252.140.141,189.252.140.141,00000000000000000000000000000000000000000000000000000000000000,|||,|||,|||,|||,|||,|||,|||,|||,|||,|||
85.54.179.210,85.54.179.210,00000000000000000000000000000000000000000000000000000000000000,|||,|||,|||,|||,|||,|||,|||,|||,|||,|||
78.191.24.189,78.191.24.189,00000000000000000000000000000000000000000000000000000000000000,|||,|||,|||,|||,|||,|||,|||,|||,|||,|||
87.109.246.232,87.109.246.232,00000000000000000000000000000000000000000000000000000000000000,|||,|||,|||,|||,|||,|||,|||,|||,|||,|||
86.98.1.197,86.98.1.197,00000000000000000000000000000000000000000000000000000000000000,|||,|||,|||,|||,|||,|||,|||,|||,|||,|||
5.224.28.151,5.224.28.151,00000000000000000000000000000000000000000000000000000000000000,|||,|||,|||,|||,|||,|||,|||,|||,|||,|||
86.97.8.178,86.97.8.178,00000000000000000000000000000000000000000000000000000000000000,|||,|||,|||,|||,|||,|||,|||,|||,|||,|||
94.110.12.148,94.110.12.148,00000000000000000000000000000000000000000000000000000000000000,|||,|||,|||,|||,|||,|||,|||,|||,|||,|||
95.248.201.245,95.248.201.245,00000000000000000000000000000000000000000000000000000000000000,|||,|||,|||,|||,|||,|||,|||,|||,|||,|||
38.10.199.26,38.10.199.26,00000000000000000000000000000000000000000000000000000000000000,|||,|||,|||,|||,|||,|||,|||,|||,|||,|||
77.255.12.88,77.255.12.88,00000000000000000000000000000000000000000000000000000000000000,|||,|||,|||,|||,|||,|||,|||,|||,|||,|||
143.92.137.106,143.92.137.106,00000000000000000000000000000000000000000000000000000000000000,|||,|||,|||,|||,|||,|||,|||,|||,|||,|||
188.26.158.80,188.26.158.80,00000000000000000000000000000000000000000000000000000000000000,|||,|||,|||,|||,|||,|||,|||,|||,|||,|||
187.250.109.250,187.250.109.250,00000000000000000000000000000000000000000000000000000000000000,|||,|||,|||,|||,|||,|||,|||,|||,|||,|||
187.121.124.134,187.121.124.134,00000000000000000000000000000000000000000000000000000000000000,|||,|||,|||,|||,|||,|||,|||,|||,|||,|||
86.173.96.126,86.173.96.126,00000000000000000000000000000000000000000000000000000000000000,|||,|||,|||,|||,|||,|||,|||,|||,|||,|||
103.116.178.85,103.116.178.85,00000000000000000000000000000000000000000000000000000000000000,|||,|||,|||,|||,|||,|||,|||,|||,|||,|||
75.169.58.229,75.169.58.229,00000000000000000000000000000000000000000000000000000000000000,|||,|||,|||,|||,|||,|||,|||,|||,|||,|||
109.228.255.59,109.228.255.59,00000000000000000000000000000000000000000000000000000000000000,|||,|||,|||,|||,|||,|||,|||,|||,|||,|||
94.60.254.81,94.60.254.81,00000000000000000000000000000000000000000000000000000000000000,|||,|||,|||,|||,|||,|||,|||,|||,|||,|||
86.97.8.204,86.97.8.204,00000000000000000000000000000000000000000000000000000000000000,|||,|||,|||,|||,|||,|||,|||,|||,|||,|||
72.252.201.69,72.252.201.69,00000000000000000000000000000000000000000000000000000000000000,|||,|||,|||,|||,|||,|||,|||,|||,|||,|||
185.53.147.51,185.53.147.51,00000000000000000000000000000000000000000000000000000000000000,|||,|||,|||,|||,|||,|||,|||,|||,|||,|||
37.208.162.27,37.208.162.27,00000000000000000000000000000000000000000000000000000000000000,|||,|||,|||,|||,|||,|||,|||,|||,|||,|||
111.250.42.217,111.250.42.217,00000000000000000000000000000000000000000000000000000000000000,|||,|||,|||,|||,|||,|||,|||,|||,|||,|||
87.99.107.124,87.99.107.124,00000000000000000000000000000000000000000000000000000000000000,|||,|||,|||,|||,|||,|||,|||,|||,|||,|||
181.99.138.30,181.99.138.30,00000000000000000000000000000000000000000000000000000000000000,|||,|||,|||,|||,|||,|||,|||,|||,|||,|||
93.147.212.206,93.147.212.206,00000000000000000000000000000000000000000000000000000000000000,|||,|||,|||,|||,|||,|||,|||,|||,|||,|||
39.49.45.250,39.49.45.250,00000000000000000000000000000000000000000000000000000000000000,|||,|||,|||,|||,|||,|||,|||,|||,|||,|||
109.177.30.138,109.177.30.138,00000000000000000000000000000000000000000000000000000000000000,|||,|||,|||,|||,|||,|||,|||,|||,|||,|||
