81.223.127.86,81.223.127.86,00000000000000000000000000000000000000000000000000000000000000,|||,|||,|||,|||,|||,|||,|||,|||,|||,|||
207.180.220.242,207.180.220.242,00000000000000000000000000000000000000000000000000000000000000,|||,|||,|||,|||,|||,|||,|||,|||,|||,|||
178.254.33.197,178.254.33.197,00000000000000000000000000000000000000000000000000000000000000,|||,|||,|||,|||,|||,|||,|||,|||,|||,|||
51.83.3.52,51.83.3.52,00000000000000000000000000000000000000000000000000000000000000,|||,|||,|||,|||,|||,|||,|||,|||,|||,|||
5.199.162.48,5.199.162.48,00000000000000000000000000000000000000000000000000000000000000,|||,|||,|||,|||,|||,|||,|||,|||,|||,|||
134.209.247.135,134.209.247.135,05d10d20d21d20d05c05d10d05d20d74fcf6501ae7a92319e575bfafd2a827,0016|0303||ff01-0023,0084|0303||ff01-0023,c012|0303||ff01-000b-0023,c013|0303||ff01-000b-0023,c012|0303||ff01-000b-0023,0016|0302||ff01-0023,0016|0303||ff01-0023,0084|0303||ff01-0023,0016|0303||ff01-0023,c012|0303||ff01-000b-0023
144.91.122.94,144.91.122.94,21d19d00000000021c21d19d21d21db2e1191a3715fa469c667680e6cfab7f,c013|0303|http/1.1|ff01-0000-000b-0023-0017-0010,00c0|0303|http/1.1|ff01-0000-0023-0017-0010,|||,|||,|||,c013|0302|http/1.1|ff01-0000-000b-0023-0017-0010,c013|0303|http/1.1|ff01-0000-000b-0023-0017-0010,00c0|0303|http/1.1|ff01-0000-0023-0017-0010,c013|0303|http/1.1|ff01-0000-000b-0023-0017-0010,c013|0303|http/1.1|ff01-0000-000b-0023-0017-0010
194.1.193.11,194.1.193.11,00000000000000000000000000000000000000000000000000000000000000,|||,|||,|||,|||,|||,|||,|||,|||,|||,|||
167.99.141.108,167.99.141.108,21d19d00000000021c21d19d21d21db2e1191a3715fa469c667680e6cfab7f,c013|0303|http/1.1|ff01-0000-000b-0023-0017-0010,00c0|0303|http/1.1|ff01-0000-0023-0017-0010,|||,|||,|||,c013|0302|http/1.1|ff01-0000-000b-0023-0017-0010,c013|0303|http/1.1|ff01-0000-000b-0023-0017-0010,00c0|0303|http/1.1|ff01-0000-0023-0017-0010,c013|0303|http/1.1|ff01-0000-000b-0023-0017-0010,c013|0303|http/1.1|ff01-0000-000b-0023-0017-0010
51.91.76.89,51.91.76.89,21d19d00000000021c21d19d21d21db2e1191a3715fa469c667680e6cfab7f,c013|0303|http/1.1|ff01-0000-000b-0023-0017-0010,00c0|0303|http/1.1|ff01-0000-0023-0017-0010,|||,|||,|||,c013|0302|http/1.1|ff01-0000-000b-0023-0017-0010,c013|0303|http/1.1|ff01-0000-000b-0023-0017-0010,00c0|0303|http/1.1|ff01-0000-0023-0017-0010,c013|0303|http/1.1|ff01-0000-000b-0023-0017-0010,c013|0303|http/1.1|ff01-0000-000b-0023-0017-0010
46.101.90.205,46.101.90.205,21d19d00000000021c21d19d21d21db2e1191a3715fa469c667680e6cfab7f,c013|0303|http/1.1|ff01-0000-000b-0023-0017-0010,00c0|0303|http/1.1|ff01-0000-0023-0017-0010,|||,|||,|||,c013|0302|http/1.1|ff01-0000-000b-0023-0017-0010,c013|0303|http/1.1|ff01-0000-000b-0023-0017-0010,00c0|0303|http/1.1|ff01-0000-0023-0017-0010,c013|0303|http/1.1|ff01-0000-000b-0023-0017-0010,c013|0303|http/1.1|ff01-0000-000b-0023-0017-0010
37.59.103.148,37.59.103.148,21d19d00000000021c21d19d21d21db2e1191a3715fa469c667680e6cfab7f,c013|0303|http/1.1|ff01-0000-000b-0023-0017-0010,00c0|0303|http/1.1|ff01-0000-0023-0017-0010,|||,|||,|||,c013|0302|http/1.1|ff01-0000-000b-0023-0017-0010,c013|0303|http/1.1|ff01-0000-000b-0023-0017-0010,00c0|0303|http/1.1|ff01-0000-0023-0017-0010,c013|0303|http/1.1|ff01-0000-000b-0023-0017-0010,c013|0303|http/1.1|ff01-0000-000b-0023-0017-0010
178.128.197.110,178.128.197.110,21d19d00000000021c21d19d21d21db2e1191a3715fa469c667680e6cfab7f,c013|0303|http/1.1|ff01-0000-000b-0023-0017-0010,00c0|0303|http/1.1|ff01-0000-0023-0017-0010,|||,|||,|||,c013|0302|http/1.1|ff01-0000-000b-0023-0017-0010,c013|0303|http/1.1|ff01-0000-000b-0023-0017-0010,00c0|0303|http/1.1|ff01-0000-0023-0017-0010,c013|0303|http/1.1|ff01-0000-000b-0023-0017-0010,c013|0303|http/1.1|ff01-0000-000b-0023-0017-0010
151.106.39.36,151.106.39.36,21d19d00000000021c21d19d21d21db2e1191a3715fa469c667680e6cfab7f,c013|0303|http/1.1|ff01-0000-000b-0023-0017-0010,00c0|0303|http/1.1|ff01-0000-0023-0017-0010,|||,|||,|||,c013|0302|http/1.1|ff01-0000-000b-0023-0017-0010,c013|0303|http/1.1|ff01-0000-000b-0023-0017-0010,00c0|0303|http/1.1|ff01-0000-0023-0017-0010,c013|0303|http/1.1|ff01-0000-000b-0023-0017-0010,c013|0303|http/1.1|ff01-0000-000b-0023-0017-0010
207.154.208.93,207.154.208.93,21d19d00000000021c21d19d21d21db2e1191a3715fa469c667680e6cfab7f,c013|0303|http/1.1|ff01-0000-000b-0023-0017-0010,00c0|0303|http/1.1|ff01-0000-0023-0017-0010,|||,|||,|||,c013|0302|http/1.1|ff01-0000-000b-0023-0017-0010,c013|0303|http/1.1|ff01-0000-000b-0023-0017-0010,00c0|0303|http/1.1|ff01-0000-0023-0017-0010,c013|0303|http/1.1|ff01-0000-000b-0023-0017-0010,c013|0303|http/1.1|ff01-0000-000b-0023-0017-0010
54.38.143.246,54.38.143.246,05d10d20d21d20d05c05d10d05d20d74fcf6501ae7a92319e575bfafd2a827,0016|0303||ff01-0023,0084|0303||ff01-0023,c012|0303||ff01-000b-0023,c013|0303||ff01-000b-0023,c012|0303||ff01-000b-0023,0016|0302||ff01-0023,0016|0303||ff01-0023,0084|0303||ff01-0023,0016|0303||ff01-0023,c012|0303||ff01-000b-0023
144.91.110.219,144.91.110.219,21d19d00000000021c21d19d21d21db2e1191a3715fa469c667680e6cfab7f,c013|0303|http/1.1|ff01-0000-000b-0023-0017-0010,00c0|0303|http/1.1|ff01-0000-0023-0017-0010,|||,|||,|||,c013|0302|http/1.1|ff01-0000-000b-0023-0017-0010,c013|0303|http/1.1|ff01-0000-000b-0023-0017-0010,00c0|0303|http/1.1|ff01-0000-0023-0017-0010,c013|0303|http/1.1|ff01-0000-000b-0023-0017-0010,c013|0303|http/1.1|ff01-0000-000b-0023-0017-0010
144.91.122.100,144.91.122.100,21d19d00000000021c21d19d21d21db2e1191a3715fa469c667680e6cfab7f,c013|0303|http/1.1|ff01-0000-000b-0023-0017-0010,00c0|0303|http/1.1|ff01-0000-0023-0017-0010,|||,|||,|||,c013|0302|http/1.1|ff01-0000-000b-0023-0017-0010,c013|0303|http/1.1|ff01-0000-000b-0023-0017-0010,00c0|0303|http/1.1|ff01-0000-0023-0017-0010,c013|0303|http/1.1|ff01-0000-000b-0023-0017-0010,c013|0303|http/1.1|ff01-0000-000b-0023-0017-0010
91.121.134.180,91.121.134.180,21d19d00000000021c21d19d21d21db2e1191a3715fa469c667680e6cfab7f,c013|0303|http/1.1|ff01-0000-000b-0023-0017-0010,00c0|0303|http/1.1|ff01-0000-0023-0017-0010,|||,|||,|||,c013|0302|http/1.1|ff01-0000-000b-0023-0017-0010,c013|0303|http/1.1|ff01-0000-000b-0023-0017-0010,00c0|0303|http/1.1|ff01-0000-0023-0017-0010,c013|0303|http/1.1|ff01-0000-000b-0023-0017-0010,c013|0303|http/1.1|ff01-0000-000b-0023-0017-0010
178.238.236.59,178.238.236.59,05d10d20d21d20d05c05d10d05d20d74fcf6501ae7a92319e575bfafd2a827,0016|0303||ff01-0023,0084|0303||ff01-0023,c012|0303||ff01-000b-0023,c013|0303||ff01-000b-0023,c012|0303||ff01-000b-0023,0016|0302||ff01-0023,0016|0303||ff01-0023,0084|0303||ff01-0023,0016|0303||ff01-0023,c012|0303||ff01-000b-0023
213.136.86.165,213.136.86.165,21d19d00000000021c21d19d21d21db2e1191a3715fa469c667680e6cfab7f,c013|0303|http/1.1|ff01-0000-000b-0023-0017-0010,00c0|0303|http/1.1|ff01-0000-0023-0017-0010,|||,|||,|||,c013|0302|http/1.1|ff01-0000-000b-0023-0017-0010,c013|0303|http/1.1|ff01-0000-000b-0023-0017-0010,00c0|0303|http/1.1|ff01-0000-0023-0017-0010,c013|0303|http/1.1|ff01-0000-000b-0023-0017-0010,c013|0303|http/1.1|ff01-0000-000b-0023-0017-0010
37.59.74.180,37.59.74.180,21d19d00000000021c21d19d21d21db2e1191a3715fa469c667680e6cfab7f,c013|0303|http/1.1|ff01-0000-000b-0023-0017-0010,00c0|0303|http/1.1|ff01-0000-0023-0017-0010,|||,|||,|||,c013|0302|http/1.1|ff01-0000-000b-0023-0017-0010,c013|0303|http/1.1|ff01-0000-000b-0023-0017-0010,00c0|0303|http/1.1|ff01-0000-0023-0017-0010,c013|0303|http/1.1|ff01-0000-000b-0023-0017-0010,c013|0303|http/1.1|ff01-0000-000b-0023-0017-0010
51.178.161.32,51.178.161.32,05d10d20d21d20d05c05d10d05d20d74fcf6501ae7a92319e575bfafd2a827,0016|0303||ff01-0023,0084|0303||ff01-0023,c012|0303||ff01-000b-0023,c013|0303||ff01-000b-0023,c012|0303||ff01-000b-0023,0016|0302||ff01-0023,0016|0303||ff01-0023,0084|0303||ff01-0023,0016|0303||ff01-0023,c012|0303||ff01-000b-0023
91.121.146.47,91.121.146.47,21d19d00000000021c21d19d21d21db2e1191a3715fa469c667680e6cfab7f,c013|0303|http/1.1|ff01-0000-000b-0023-0017-0010,00c0|0303|http/1.1|ff01-0000-0023-0017-0010,|||,|||,|||,c013|0302|http/1.1|ff01-0000-000b-0023-0017-0010,c013|0303|http/1.1|ff01-0000-000b-0023-0017-0010,00c0|0303|http/1.1|ff01-0000-0023-0017-0010,c013|0303|http/1.1|ff01-0000-000b-0023-0017-0010,c013|0303|http/1.1|ff01-0000-000b-0023-0017-0010
37.247.35.130,37.247.35.130,05d10d20d21d20d05c05d10d05d20d74fcf6501ae7a92319e575bfafd2a827,0016|0303||ff01-0023,0084|0303||ff01-0023,c012|0303||ff01-000b-0023,c013|0303||ff01-000b-0023,c012|0303||ff01-000b-0023,0016|0302||ff01-0023,0016|0303||ff01-0023,0084|0303||ff01-0023,0016|0303||ff01-0023,c012|0303||ff01-000b-0023
178.79.150.86,178.79.150.86,21d19d00000000021c21d19d21d21db2e1191a3715fa469c667680e6cfab7f,c013|0303|http/1.1|ff01-0000-000b-0023-0017-0010,00c0|0303|http/1.1|ff01-0000-0023-0017-0010,|||,|||,|||,c013|0302|http/1.1|ff01-0000-000b-0023-0017-0010,c013|0303|http/1.1|ff01-0000-000b-0023-0017-0010,00c0|0303|http/1.1|ff01-0000-0023-0017-0010,c013|0303|http/1.1|ff01-0000-000b-0023-0017-0010,c013|0303|http/1.1|ff01-0000-000b-0023-0017-0010
212.237.17.99,212.237.17.99,21d19d00000000021c21d19d21d21db2e1191a3715fa469c667680e6cfab7f,c013|0303|http/1.1|ff01-0000-000b-0023-0017-0010,00c0|0303|http/1.1|ff01-0000-0023-0017-0010,|||,|||,|||,c013|0302|http/1.1|ff01-0000-000b-0023-0017-0010,c013|0303|http/1.1|ff01-0000-000b-0023-0017-0010,00c0|0303|http/1.1|ff01-0000-0023-0017-0010,c013|0303|http/1.1|ff01-0000-000b-0023-0017-0010,c013|0303|http/1.1|ff01-0000-000b-0023-0017-0010
178.79.147.66,178.79.147.66,21d19d00000000021c21d19d21d21db2e1191a3715fa469c667680e6cfab7f,c013|0303|http/1.1|ff01-0000-000b-0023-0017-0010,00c0|0303|http/1.1|ff01-0000-0023-0017-0010,|||,|||,|||,c013|0302|http/1.1|ff01-0000-000b-0023-0017-0010,c013|0303|http/1.1|ff01-0000-000b-0023-0017-0010,00c0|0303|http/1.1|ff01-0000-0023-0017-0010,c013|0303|http/1.1|ff01-0000-000b-0023-0017-0010,c013|0303|http/1.1|ff01-0000-000b-0023-0017-0010
95.110.160.239,95.110.160.239,05d10d20d21d20d05c05d10d05d20d74fcf6501ae7a92319e575bfafd2a827,0016|0303||ff01-0023,0084|0303||ff01-0023,c012|0303||ff01-000b-0023,c013|0303||ff01-000b-0023,c012|0303||ff01-000b-0023,0016|0302||ff01-0023,0016|0303||ff01-0023,0084|0303||ff01-0023,0016|0303||ff01-0023,c012|0303||ff01-000b-0023
51.68.138.110,51.68.138.110,21d19d00000000021c21d19d21d21db2e1191a3715fa469c667680e6cfab7f,c013|0303|http/1.1|ff01-0000-000b-0023-0017-0010,00c0|0303|http/1.1|ff01-0000-0023-0017-0010,|||,|||,|||,c013|0302|http/1.1|ff01-0000-000b-0023-0017-0010,c013|0303|http/1.1|ff01-0000-000b-0023-0017-0010,00c0|0303|http/1.1|ff01-0000-0023-0017-0010,c013|0303|http/1.1|ff01-0000-000b-0023-0017-0010,c013|0303|http/1.1|ff01-0000-000b-0023-0017-0010
91.207.28.33,91.207.28.33,00000000000000000000000000000000000000000000000000000000000000,|||,|||,|||,|||,|||,|||,|||,|||,|||,|||
37.187.115.122,37.187.115.122,05d10d20d21d20d05c05d10d05d20d74fcf6501ae7a92319e575bfafd2a827,0016|0303||ff01-0023,0084|0303||ff01-0023,c012|0303||ff01-000b-0023,c013|0303||ff01-000b-0023,c012|0303||ff01-000b-0023,0016|0302||ff01-0023,0016|0303||ff01-0023,0084|0303||ff01-0023,0016|0303||ff01-0023,c012|0303||ff01-000b-0023
212.112.86.37,212.112.86.37,05d10d20d21d20d05c05d10d05d20d74fcf6501ae7a92319e575bfafd2a827,0016|0303||ff01-0023,0084|0303||ff01-0023,c012|0303||ff01-000b-0023,c013|0303||ff01-000b-0023,c012|0303||ff01-000b-0023,0016|0302||ff01-0023,0016|0303||ff01-0023,0084|0303||ff01-0023,0016|0303||ff01-0023,c012|0303||ff01-000b-0023
103.87.173.60,103.87.173.60,00000000000000000000000000000000000000000000000000000000000000,|||,|||,|||,|||,|||,|||,|||,|||,|||,|||
103.233.25.228,103.233.25.228,00000000000000000000000000000000000000000000000000000000000000,|||,|||,|||,|||,|||,|||,|||,|||,|||,|||
162.214.106.107,162.214.106.107,00000000000000000000000000000000000000000000000000000000000000,|||,|||,|||,|||,|||,|||,|||,|||,|||,|||
167.172.119.42,167.172.119.42,00000000000000000000000000000000000000000000000000000000000000,|||,|||,|||,|||,|||,|||,|||,|||,|||,|||
186.250.48.123,186.250.48.123,00000000000000000000000000000000000000000000000000000000000000,|||,|||,|||,|||,|||,|||,|||,|||,|||,|||
142.44.247.57,142.44.247.57,05d10d20d21d20d05c05d10d05d20d74fcf6501ae7a92319e575bfafd2a827,0016|0303||ff01-0023,0084|0303||ff01-0023,c012|0303||ff01-000b-0023,c013|0303||ff01-000b-0023,c012|0303||ff01-000b-0023,0016|0302||ff01-0023,0016|0303||ff01-0023,0084|0303||ff01-0023,0016|0303||ff01-0023,c012|0303||ff01-000b-0023
50.116.62.25,50.116.62.25,21d19d00000000021c21d19d21d21db2e1191a3715fa469c667680e6cfab7f,c013|0303|http/1.1|ff01-0000-000b-0023-0017-0010,00c0|0303|http/1.1|ff01-0000-0023-0017-0010,|||,|||,|||,c013|0302|http/1.1|ff01-0000-000b-0023-0017-0010,c013|0303|http/1.1|ff01-0000-000b-0023-0017-0010,00c0|0303|http/1.1|ff01-0000-0023-0017-0010,c013|0303|http/1.1|ff01-0000-000b-0023-0017-0010,c013|0303|http/1.1|ff01-0000-000b-0023-0017-0010
97.107.134.115,97.107.134.115,21d19d00000000021c21d19d21d21db2e1191a3715fa469c667680e6cfab7f,c013|0303|http/1.1|ff01-0000-000b-0023-0017-0010,00c0|0303|http/1.1|ff01-0000-0023-0017-0010,|||,|||,|||,c013|0302|http/1.1|ff01-0000-000b-0023-0017-0010,c013|0303|http/1.1|ff01-0000-000b-0023-0017-0010,00c0|0303|http/1.1|ff01-0000-0023-0017-0010,c013|0303|http/1.1|ff01-0000-000b-0023-0017-0010,c013|0303|http/1.1|ff01-0000-000b-0023-0017-0010
192.99.150.39,192.99.150.39,05d10d20d21d20d05c05d10d05d20d74fcf6501ae7a92319e575bfafd2a827,0016|0303||ff01-0023,0084|0303||ff01-0023,c012|0303||ff01-000b-0023,c013|0303||ff01-000b-0023,c012|0303||ff01-000b-0023,0016|0302||ff01-0023,0016|0303||ff01-0023,0084|0303||ff01-0023,0016|0303||ff01-0023,c012|0303||ff01-000b-0023
198.199.70.22,198.199.70.22,21d19d00000000021c21d19d21d21db2e1191a3715fa469c667680e6cfab7f,c013|0303|http/1.1|ff01-0000-000b-0023-0017-0010,00c0|0303|http/1.1|ff01-0000-0023-0017-0010,|||,|||,|||,c013|0302|http/1.1|ff01-0000-000b-0023-0017-0010,c013|0303|http/1.1|ff01-0000-000b-0023-0017-0010,00c0|0303|http/1.1|ff01-0000-0023-0017-0010,c013|0303|http/1.1|ff01-0000-000b-0023-0017-0010,c013|0303|http/1.1|ff01-0000-000b-0023-0017-0010
216.10.251.121,216.10.251.121,00000000000000000000000000000000000000000000000000000000000000,|||,|||,|||,|||,|||,|||,|||,|||,|||,|||
67.207.95.35,67.207.95.35,21d19d00000000021c21d19d21d21db2e1191a3715fa469c667680e6cfab7f,c013|0303|http/1.1|ff01-0000-000b-0023-0017-0010,00c0|0303|http/1.1|ff01-0000-0023-0017-0010,|||,|||,|||,c013|0302|http/1.1|ff01-0000-000b-0023-0017-0010,c013|0303|http/1.1|ff01-0000-000b-0023-0017-0010,00c0|0303|http/1.1|ff01-0000-0023-0017-0010,c013|0303|http/1.1|ff01-0000-000b-0023-0017-0010,c013|0303|http/1.1|ff01-0000-000b-0023-0017-0010
107.170.4.227,107.170.4.227,05d10d20d21d20d05c05d10d05d20d74fcf6501ae7a92319e575bfafd2a827,0016|0303||ff01-0023,0084|0303||ff01-0023,c012|0303||ff01-000b-0023,c013|0303||ff01-000b-0023,c012|0303||ff01-000b-0023,0016|0302||ff01-0023,0016|0303||ff01-0023,0084|0303||ff01-0023,0016|0303||ff01-0023,c012|0303||ff01-000b-0023
107.170.64.97,107.170.64.97,21d19d00000000021c21d19d21d21db2e1191a3715fa469c667680e6cfab7f,c013|0303|http/1.1|ff01-0000-000b-0023-0017-0010,00c0|0303|http/1.1|ff01-0000-0023-0017-0010,|||,|||,|||,c013|0302|http/1.1|ff01-0000-000b-0023-0017-0010,c013|0303|http/1.1|ff01-0000-000b-0023-0017-0010,00c0|0303|http/1.1|ff01-0000-0023-0017-0010,c013|0303|http/1.1|ff01-0000-000b-0023-0017-0010,c013|0303|http/1.1|ff01-0000-000b-0023-0017-0010
138.197.109.175,138.197.109.175,05d10d20d21d20d05c05d10d05d20d74fcf6501ae7a92319e575bfafd2a827,0016|0303||ff01-0023,0084|0303||ff01-0023,c012|0303||ff01-000b-0023,c013|0303||ff01-000b-0023,c012|0303||ff01-000b-0023,0016|0302||ff01-0023,0016|0303||ff01-0023,0084|0303||ff01-0023,0016|0303||ff01-0023,c012|0303||ff01-000b-0023
198.61.167.176,198.61.167.176,05d10d20d21d20d05c05d10d05d20d74fcf6501ae7a92319e575bfafd2a827,0016|0303||ff01-0023,0084|0303||ff01-0023,c012|0303||ff01-000b-0023,c013|0303||ff01-000b-0023,c012|0303||ff01-000b-0023,0016|0302||ff01-0023,0016|0303||ff01-0023,0084|0303||ff01-0023,0016|0303||ff01-0023,c012|0303||ff01-000b-0023
45.90.108.123,45.90.108.123,21d19d00000000021c21d19d21d21db2e1191a3715fa469c667680e6cfab7f,c013|0303|http/1.1|ff01-0000-000b-0023-0017-0010,00c0|0303|http/1.1|ff01-0000-0023-0017-0010,|||,|||,|||,c013|0302|http/1.1|ff01-0000-000b-0023-0017-0010,c013|0303|http/1.1|ff01-0000-000b-0023-0017-0010,00c0|0303|http/1.1|ff01-0000-0023-0017-0010,c013|0303|http/1.1|ff01-0000-000b-0023-0017-0010,c013|0303|http/1.1|ff01-0000-000b-0023-0017-0010
104.36.167.47,104.36.167.47,05d10d20d21d20d05c05d10d05d20d74fcf6501ae7a92319e575bfafd2a827,0016|0303||ff01-0023,0084|0303||ff01-0023,c012|0303||ff01-000b-0023,c013|0303||ff01-000b-0023,c012|0303||ff01-000b-0023,0016|0302||ff01-0023,0016|0303||ff01-0023,0084|0303||ff01-0023,0016|0303||ff01-0023,c012|0303||ff01-000b-0023
131.100.24.192,131.100.24.192,2ad2ad0002ad2ad0002ad2ad2ad2ade1a3c0d7ca6ad8388057924be83dfc6a,c030|0303|http/1.1|ff01-0000-0001-000b-0023-0010-0017,c030|0303|http/1.1|ff01-0000-0001-000b-0023-0010-0017,|||,c030|0303||ff01-0000-0001-000b-0023-0017,c030|0303||ff01-0000-0001-000b-0023-0017,|||,c030|0303|http/1.1|ff01-0000-0001-000b-0023-0010-0017,c030|0303|http/1.1|ff01-0000-0001-000b-0023-0010-0017,c030|0303|http/1.1|ff01-0000-0001-000b-0023-0010-0017,c030|0303|http/1.1|ff01-0000-0001-000b-0023-0010-0017
69.64.50.41,69.64.50.41,05d10d20d21d20d05c05d10d05d20d74fcf6501ae7a92319e575bfafd2a827,0016|0303||ff01-0023,0084|0303||ff01-0023,c012|0303||ff01-000b-0023,c013|0303||ff01-000b-0023,c012|0303||ff01-000b-0023,0016|0302||ff01-0023,0016|0303||ff01-0023,0084|0303||ff01-0023,0016|0303||ff01-0023,c012|0303||ff01-000b-0023
131.100.24.199,131.100.24.199,05d10d20d21d20d05c05d10d05d20d74fcf6501ae7a92319e575bfafd2a827,0016|0303||ff01-0023,0084|0303||ff01-0023,c012|0303||ff01-000b-0023,c013|0303||ff01-000b-0023,c012|0303||ff01-000b-0023,0016|0302||ff01-0023,0016|0303||ff01-0023,0084|0303||ff01-0023,0016|0303||ff01-0023,c012|0303||ff01-000b-0023
66.175.217.172,66.175.217.172,21d19d00000000021c21d19d21d21db2e1191a3715fa469c667680e6cfab7f,c013|0303|http/1.1|ff01-0000-000b-0023-0017-0010,00c0|0303|http/1.1|ff01-0000-0023-0017-0010,|||,|||,|||,c013|0302|http/1.1|ff01-0000-000b-0023-0017-0010,c013|0303|http/1.1|ff01-0000-000b-0023-0017-0010,00c0|0303|http/1.1|ff01-0000-0023-0017-0010,c013|0303|http/1.1|ff01-0000-000b-0023-0017-0010,c013|0303|http/1.1|ff01-0000-000b-0023-0017-0010
162.214.188.105,162.214.188.105,05d10d20d21d20d05c05d10d05d20d74fcf6501ae7a92319e575bfafd2a827,0016|0303||ff01-0023,0084|0303||ff01-0023,c012|0303||ff01-000b-0023,c013|0303||ff01-000b-0023,c012|0303||ff01-000b-0023,0016|0302||ff01-0023,0016|0303||ff01-0023,0084|0303||ff01-0023,0016|0303||ff01-0023,c012|0303||ff01-000b-0023
204.174.223.210,204.174.223.210,21d19d00000000021c21d19d21d21db2e1191a3715fa469c667680e6cfab7f,c013|0303|http/1.1|ff01-0000-000b-0023-0017-0010,00c0|0303|http/1.1|ff01-0000-0023-0017-0010,|||,|||,|||,c013|0302|http/1.1|ff01-0000-000b-0023-0017-0010,c013|0303|http/1.1|ff01-0000-000b-0023-0017-0010,00c0|0303|http/1.1|ff01-0000-0023-0017-0010,c013|0303|http/1.1|ff01-0000-000b-0023-0017-0010,c013|0303|http/1.1|ff01-0000-000b-0023-0017-0010
194.233.68.48,194.233.68.48,21d19d00000000021c21d19d21d21db2e1191a3715fa469c667680e6cfab7f,c013|0303|http/1.1|ff01-0000-000b-0023-0017-0010,00c0|0303|http/1.1|ff01-0000-0023-0017-0010,|||,|||,|||,c013|0302|http/1.1|ff01-0000-000b-0023-0017-0010,c013|0303|http/1.1|ff01-0000-000b-0023-0017-0010,00c0|0303|http/1.1|ff01-0000-0023-0017-0010,c013|0303|http/1.1|ff01-0000-000b-0023-0017-0010,c013|0303|http/1.1|ff01-0000-000b-0023-0017-0010
159.65.3.147,159.65.3.147,05d10d20d21d20d05c05d10d05d20d74fcf6501ae7a92319e575bfafd2a827,0016|0303||ff01-0023,0084|0303||ff01-0023,c012|0303||ff01-000b-0023,c013|0303||ff01-000b-0023,c012|0303||ff01-000b-0023,0016|0302||ff01-0023,0016|0303||ff01-0023,0084|0303||ff01-0023,0016|0303||ff01-0023,c012|0303||ff01-000b-0023
139.99.30.176,139.99.30.176,21d19d00000000021c21d19d21d21db2e1191a3715fa469c667680e6cfab7f,c013|0303|http/1.1|ff01-0000-000b-0023-0017-0010,00c0|0303|http/1.1|ff01-0000-0023-0017-0010,|||,|||,|||,c013|0302|http/1.1|ff01-0000-000b-0023-0017-0010,c013|0303|http/1.1|ff01-0000-000b-0023-0017-0010,00c0|0303|http/1.1|ff01-0000-0023-0017-0010,c013|0303|http/1.1|ff01-0000-000b-0023-0017-0010,c013|0303|http/1.1|ff01-0000-000b-0023-0017-0010
198.199.98.78,198.199.98.78,21d19d00000000021c21d19d21d21db2e1191a3715fa469c667680e6cfab7f,c013|0303|http/1.1|ff01-0000-000b-0023-0017-0010,00c0|0303|http/1.1|ff01-0000-0023-0017-0010,|||,|||,|||,c013|0302|http/1.1|ff01-0000-000b-0023-0017-0010,c013|0303|http/1.1|ff01-0000-000b-0023-0017-0010,00c0|0303|http/1.1|ff01-0000-0023-0017-0010,c013|0303|http/1.1|ff01-0000-000b-0023-0017-0010,c013|0303|http/1.1|ff01-0000-000b-0023-0017-0010
45.79.91.89,45.79.91.89,21d19d00000000021c21d19d21d21db2e1191a3715fa469c667680e6cfab7f,c013|0303|http/1.1|ff01-0000-000b-0023-0017-0010,00c0|0303|http/1.1|ff01-0000-0023-0017-0010,|||,|||,|||,c013|0302|http/1.1|ff01-0000-000b-0023-0017-0010,c013|0303|http/1.1|ff01-0000-000b-0023-0017-0010,00c0|0303|http/1.1|ff01-0000-0023-0017-0010,c013|0303|http/1.1|ff01-0000-000b-0023-0017-0010,c013|0303|http/1.1|ff01-0000-000b-0023-0017-0010
104.248.178.90,104.248.178.90,21d19d00000000021c21d19d21d21db2e1191a3715fa469c667680e6cfab7f,c013|0303|http/1.1|ff01-0000-000b-0023-0017-0010,00c0|0303|http/1.1|ff01-0000-0023-0017-0010,|||,|||,|||,c013|0302|http/1.1|ff01-0000-000b-0023-0017-0010,c013|0303|http/1.1|ff01-0000-000b-0023-0017-0010,00c0|0303|http/1.1|ff01-0000-0023-0017-0010,c013|0303|http/1.1|ff01-0000-000b-0023-0017-0010,c013|0303|http/1.1|ff01-0000-000b-0023-0017-0010
178.128.83.165,178.128.83.165,05d10d20d21d20d05c05d10d05d20d74fcf6501ae7a92319e575bfafd2a827,0016|0303||ff01-0023,0084|0303||ff01-0023,c012|0303||ff01-000b-0023,c013|0303||ff01-000b-0023,c012|0303||ff01-000b-0023,0016|0302||ff01-0023,0016|0303||ff01-0023,0084|0303||ff01-0023,0016|0303||ff01-0023,c012|0303||ff01-000b-0023
103.253.107.155,103.253.107.155,05d10d20d21d20d05c05d10d05d20d74fcf6501ae7a92319e575bfafd2a827,0016|0303||ff01-0023,0084|0303||ff01-0023,c012|0303||ff01-000b-0023,c013|0303||ff01-000b-0023,c012|0303||ff01-000b-0023,0016|0302||ff01-0023,0016|0303||ff01-0023,0084|0303||ff01-0023,0016|0303||ff01-0023,c012|0303||ff01-000b-0023
128.199.206.91,128.199.206.91,05d10d20d21d20d05c05d10d05d20d74fcf6501ae7a92319e575bfafd2a827,0016|0303||ff01-0023,0084|0303||ff01-0023,c012|0303||ff01-000b-0023,c013|0303||ff01-000b-0023,c012|0303||ff01-000b-0023,0016|0302||ff01-0023,0016|0303||ff01-0023,0084|0303||ff01-0023,0016|0303||ff01-0023,c012|0303||ff01-000b-0023
178.128.23.9,178.128.23.9,05d10d20d21d20d05c05d10d05d20d74fcf6501ae7a92319e575bfafd2a827,0016|0303||ff01-0023,0084|0303||ff01-0023,c012|0303||ff01-000b-0023,c013|0303||ff01-000b-0023,c012|0303||ff01-000b-0023,0016|0302||ff01-0023,0016|0303||ff01-0023,0084|0303||ff01-0023,0016|0303||ff01-0023,c012|0303||ff01-000b-0023
128.199.232.159,128.199.232.159,05d10d20d21d20d05c05d10d05d20d74fcf6501ae7a92319e575bfafd2a827,0016|0303||ff01-0023,0084|0303||ff01-0023,c012|0303||ff01-000b-0023,c013|0303||ff01-000b-0023,c012|0303||ff01-000b-0023,0016|0302||ff01-0023,0016|0303||ff01-0023,0084|0303||ff01-0023,0016|0303||ff01-0023,c012|0303||ff01-000b-0023
103.109.247.8,103.109.247.8,05d10d20d21d20d05c05d10d05d20d74fcf6501ae7a92319e575bfafd2a827,0016|0303||ff01-0023,0084|0303||ff01-0023,c012|0303||ff01-000b-0023,c013|0303||ff01-000b-0023,c012|0303||ff01-000b-0023,0016|0302||ff01-0023,0016|0303||ff01-0023,0084|0303||ff01-0023,0016|0303||ff01-0023,c012|0303||ff01-000b-0023
103.109.247.13,103.109.247.13,05d10d20d21d20d05c05d10d05d20d74fcf6501ae7a92319e575bfafd2a827,0016|0303||ff01-0023,0084|0303||ff01-0023,c012|0303||ff01-000b-0023,c013|0303||ff01-000b-0023,c012|0303||ff01-000b-0023,0016|0302||ff01-0023,0016|0303||ff01-0023,0084|0303||ff01-0023,0016|0303||ff01-0023,c012|0303||ff01-000b-0023
103.109.247.10,103.109.247.10,05d10d20d21d20d05c05d10d05d20d74fcf6501ae7a92319e575bfafd2a827,0016|0303||ff01-0023,0084|0303||ff01-0023,c012|0303||ff01-000b-0023,c013|0303||ff01-000b-0023,c012|0303||ff01-000b-0023,0016|0302||ff01-0023,0016|0303||ff01-0023,0084|0303||ff01-0023,0016|0303||ff01-0023,c012|0303||ff01-000b-0023
103.109.247.9,103.109.247.9,05d10d20d21d20d05c05d10d05d20d74fcf6501ae7a92319e575bfafd2a827,0016|0303||ff01-0023,0084|0303||ff01-0023,c012|0303||ff01-000b-0023,c013|0303||ff01-000b-0023,c012|0303||ff01-000b-0023,0016|0302||ff01-0023,0016|0303||ff01-0023,0084|0303||ff01-0023,0016|0303||ff01-0023,c012|0303||ff01-000b-0023
103.253.107.156,103.253.107.156,05d10d20d21d20d05c05d10d05d20d74fcf6501ae7a92319e575bfafd2a827,0016|0303||ff01-0023,0084|0303||ff01-0023,c012|0303||ff01-000b-0023,c013|0303||ff01-000b-0023,c012|0303||ff01-000b-0023,0016|0302||ff01-0023,0016|0303||ff01-0023,0084|0303||ff01-0023,0016|0303||ff01-0023,c012|0303||ff01-000b-0023
121.199.35.69,121.199.35.69,05d10d20d21d20d05c05d10d05d20d74fcf6501ae7a92319e575bfafd2a827,0016|0303||ff01-0023,0084|0303||ff01-0023,c012|0303||ff01-000b-0023,c013|0303||ff01-000b-0023,c012|0303||ff01-000b-0023,0016|0302||ff01-0023,0016|0303||ff01-0023,0084|0303||ff01-0023,0016|0303||ff01-0023,c012|0303||ff01-000b-0023
186.250.48.117,186.250.48.117,21d19d00000000021c21d19d21d21db2e1191a3715fa469c667680e6cfab7f,c013|0303|http/1.1|ff01-0000-000b-0023-0017-0010,00c0|0303|http/1.1|ff01-0000-0023-0017-0010,|||,|||,|||,c013|0302|http/1.1|ff01-0000-000b-0023-0017-0010,c013|0303|http/1.1|ff01-0000-000b-0023-0017-0010,00c0|0303|http/1.1|ff01-0000-0023-0017-0010,c013|0303|http/1.1|ff01-0000-000b-0023-0017-0010,c013|0303|http/1.1|ff01-0000-000b-0023-0017-0010
139.59.56.73,139.59.56.73,05d10d20d21d20d05c05d10d05d20d74fcf6501ae7a92319e575bfafd2a827,0016|0303||ff01-0023,0084|0303||ff01-0023,c012|0303||ff01-000b-0023,c013|0303||ff01-000b-0023,c012|0303||ff01-000b-0023,0016|0302||ff01-0023,0016|0303||ff01-0023,0084|0303||ff01-0023,0016|0303||ff01-0023,c012|0303||ff01-000b-0023
1.234.21.73,1.234.21.73,21d19d00000000021c21d19d21d21db2e1191a3715fa469c667680e6cfab7f,c013|0303|http/1.1|ff01-0000-000b-0023-0017-0010,00c0|0303|http/1.1|ff01-0000-0023-0017-0010,|||,|||,|||,c013|0302|http/1.1|ff01-0000-000b-0023-0017-0010,c013|0303|http/1.1|ff01-0000-000b-0023-0017-0010,00c0|0303|http/1.1|ff01-0000-0023-0017-0010,c013|0303|http/1.1|ff01-0000-000b-0023-0017-0010,c013|0303|http/1.1|ff01-0000-000b-0023-0017-0010
103.9.36.172,103.9.36.172,05d10d20d21d20d05c05d10d05d20d74fcf6501ae7a92319e575bfafd2a827,0016|0303||ff01-0023,0084|0303||ff01-0023,c012|0303||ff01-000b-0023,c013|0303||ff01-000b-0023,c012|0303||ff01-000b-0023,0016|0302||ff01-0023,0016|0303||ff01-0023,0084|0303||ff01-0023,0016|0303||ff01-0023,c012|0303||ff01-000b-0023
103.74.143.53,103.74.143.53,21d19d00000000021c21d19d21d21db2e1191a3715fa469c667680e6cfab7f,c013|0303|http/1.1|ff01-0000-000b-0023-0017-0010,00c0|0303|http/1.1|ff01-0000-0023-0017-0010,|||,|||,|||,c013|0302|http/1.1|ff01-0000-000b-0023-0017-0010,c013|0303|http/1.1|ff01-0000-000b-0023-0017-0010,00c0|0303|http/1.1|ff01-0000-0023-0017-0010,c013|0303|http/1.1|ff01-0000-000b-0023-0017-0010,c013|0303|http/1.1|ff01-0000-000b-0023-0017-0010
211.172.241.52,211.172.241.52,05d10d20d21d20d05c05d10d05d20d74fcf6501ae7a92319e575bfafd2a827,0016|0303||ff01-0023,0084|0303||ff01-0023,c012|0303||ff01-000b-0023,c013|0303||ff01-000b-0023,c012|0303||ff01-000b-0023,0016|0302||ff01-0023,0016|0303||ff01-0023,0084|0303||ff01-0023,0016|0303||ff01-0023,c012|0303||ff01-000b-0023
153.126.165.175,153.126.165.175,05d10d20d21d20d05c05d10d05d20d74fcf6501ae7a92319e575bfafd2a827,0016|0303||ff01-0023,0084|0303||ff01-0023,c012|0303||ff01-000b-0023,c013|0303||ff01-000b-0023,c012|0303||ff01-000b-0023,0016|0302||ff01-0023,0016|0303||ff01-0023,0084|0303||ff01-0023,0016|0303||ff01-0023,c012|0303||ff01-000b-0023
103.70.29.165,103.70.29.165,2ad2ad16d2ad2ad00042d42d000000038eaaf490bec8dc33757f165ce01762,c030|0303|h2|ff01-0000-0001-000b-0010-0017,c030|0303|h2|ff01-0000-0001-000b-0010-0017,009f|0303|h2|ff01-0000-0001-0010-0017,c030|0303||ff01-0000-0001-000b-0017,c030|0303||ff01-0000-0001-000b-0017,|||,1302|0303||002b-0033,1302|0303||002b-0033,|||,|||
201.148.20.37,201.148.20.37,00000000000000000000000000000000000000000000000000000000000000,|||,|||,|||,|||,|||,|||,|||,|||,|||,|||
213.190.4.223,213.190.4.223,00000000000000000000000000000000000000000000000000000000000000,|||,|||,|||,|||,|||,|||,|||,|||,|||,|||
129.232.146.250,129.232.146.250,00000000000000000000000000000000000000000000000000000000000000,|||,|||,|||,|||,|||,|||,|||,|||,|||,|||
103.253.107.153,103.253.107.153,00000000000000000000000000000000000000000000000000000000000000,|||,|||,|||,|||,|||,|||,|||,|||,|||,|||
103.253.107.198,103.253.107.198,00000000000000000000000000000000000000000000000000000000000000,|||,|||,|||,|||,|||,|||,|||,|||,|||,|||
